appointment_date,appointment_type,student_id,student_firstname,student_lastname,adv_id,adv_lastname,adv_firstname,adv_program,adv_phone_no_cell,adv_phone_no_land
2016-03-10,Networking Strategy,ef2973,Elbert,Frede,kt7376,Thatcher,Kieth,Information Knowledge Strategy,673-620-5613,
2015-12-10,Salary Negotiation,lc9120,Lula,Chasmor,jr5803,Reid,John,Applied Analytics,785-885-8857,507-874-5721
2021-05-25,Resume Review,gb4123,Gerick,Baford,ba3545,Allen,Bryce,Enterprise Risk Management,953-597-8601,
2018-09-12,Salary Negotiation,ac4719,Adora,Cassar,cj1862,Jackson,Carissa,Nonprofit Management,547-863-5667,189-630-4794
2018-09-12,Self-Assessment,aw4977,Addy,Whyard,ly7056,Yarwood,Logan,Negotiation and Conflict Resolution,634-912-5228,808-199-8505
2021-11-21,Interview Preparation,bb5953,Brunhilda,Bogue,wn3348,Neal,Winnie,Human Capital Management,150-513-7653,
2017-11-02,Cover Letter Review,lw8153,Lewes,Walsh,ja1245,Addison,Julian,Narrative Medicine,738-857-5283,
2021-03-05,Resume Review,aa4294,Anastassia,Akam,md1305,Drake,Matthew,Sports Management,615-556-1618,842-248-2113
2019-04-12,Self-Assessment,rf8504,Rivalee,Fenelon,jd1170,Daniells,Jenna,Sports Management,900-464-2871,
2015-08-16,Self-Assessment,pb2765,Pall,Blankau,eh3697,Harrison,Emma,Information Knowledge Strategy,820-961-0125,
2021-07-31,Personal Brand Development,cb1819,Ciel,Balcon,mb8132,Bailey,Mason,Technology Management,710-338-7733,
2018-09-04,Job & Internship Search,fm9802,Fredek,Murdy,so9324,Oldfield,Selena,Enterprise Risk Management,271-908-0310,
2022-11-05,Interview Preparation,am9625,Arabella,Miquelet,jd1170,Daniells,Jenna,Sports Management,900-464-2871,
2014-11-08,Self-Assessment,cf3847,Calley,Fancourt,kt7376,Thatcher,Kieth,Information Knowledge Strategy,673-620-5613,
2017-04-27,Interview Preparation,br1353,Boot,Rennocks,tp2048,Page ,Taylor,Bioethics,482-971-5053,
2015-12-17,Personal Brand Development,aw7552,Alvinia,Witherby,ew6156,Watson,Evie,Construction Administration,469-897-1725,
2015-10-02,Salary Negotiation,vc1713,Valaria,Corey,tp2048,Page ,Taylor,Bioethics,482-971-5053,
2015-10-26,Networking Strategy,em1580,Edik,Mollene,pc3553,Cadman,Phillip,Narrative Medicine,720-908-9320,
2018-08-08,Industry & Occupation Exploration,cr2972,Clemmy,Rodrigo,eg1362,Gregory,Eve,Narrative Medicine,303-174-2582,752-872-1547
2019-12-21,Salary Negotiation,bs4446,Benny,Scutter,la7998,Attwood,Lindsay,Information Knowledge Strategy,184-369-2646,340-240-3841
2017-04-15,Cover Letter Review,tb7316,Tawsha,Bonar,rv5254,Varley,Rowan,Actuarial Science,776-335-4090,
2018-01-24,Job & Internship Search,dw2733,Duane,Wiggin,rf7197,Flynn,Rachael,Sustainability Science,379-212-2021,587-381-4208
2014-12-03,Cover Letter Review,pj7325,Paten,Jacomb,ag5545,Gilmore,Adela,Enterprise Risk Management,588-973-0838,695-733-2511
2021-05-29,Personal Brand Development,ma7167,Michaella,Annies,jl5979,Lindsay,Jazmin,Wealth Management,418-473-3063,475-699-9338
2018-05-19,Salary Negotiation,ph2994,Palm,Haskey,cw8557,Wilkinson,Camila,Information Knowledge Strategy,879-614-3350,
2017-10-03,Personal Brand Development,ah4143,Arleen,Harrema,mw1884,Woodley,Martin,Human Capital Management,210-601-7987,
2015-11-27,Self-Assessment,jb8379,Juanita,Biever,mm5043,Mason,Maggie,Nonprofit Management,466-285-7099,621-136-6833
2020-05-29,Resume Review,bg7852,Brodie,Gligorijevic,so9324,Oldfield,Selena,Enterprise Risk Management,271-908-0310,
2018-12-25,Interview Preparation,mm2753,Marlene,Mccaull,km5645,Marshall,Katelyn,Sustainability Management,170-102-3772,
2019-01-17,Self-Assessment,aw4113,Alick,Wethered,tm7476,Middleton,Tiffany,Construction Administration,235-508-1765,
2018-05-30,Industry & Occupation Exploration,jf1541,Jemimah,Fraschetti,km5645,Marshall,Katelyn,Sustainability Management,170-102-3772,
2021-07-31,LinkedIn Profile Review,cb1819,Ciel,Balcon,hc2977,Camden,Harvey,Bioethics,931-647-4196,
2019-01-21,Cover Letter Review,rt3656,Rozalin,Trengove,hs1204,Shepherd,Henry,Actuarial Science,172-492-9674,
2018-05-27,Networking Strategy,dk6521,Deana,Kingsmill,ew5741,Wilkinson,Elise,Strategic Communication,597-486-9313,400-597-4347
2015-07-10,Job Offer Evaluation,ms2636,Merna,Scoyne,ba3545,Allen,Bryce,Enterprise Risk Management,953-597-8601,
2020-01-16,LinkedIn Profile Review,pl1300,Phebe,Leeburne,ba3545,Allen,Bryce,Enterprise Risk Management,953-597-8601,
2017-08-08,Cover Letter Review,sh6609,Sonny,Handrahan,cw8557,Wilkinson,Camila,Information Knowledge Strategy,879-614-3350,
2019-04-18,Job & Internship Search,fb1456,Free,Bursnoll,ew6156,Watson,Evie,Construction Administration,469-897-1725,
2018-03-09,Resume Review,mo6654,Moll,O' Culligan,la7998,Attwood,Lindsay,Information Knowledge Strategy,184-369-2646,340-240-3841
2022-03-04,Job Offer Evaluation,jb5076,Jami,Bantick,cm5579,Malone,Caleb,Narrative Medicine,806-278-2560,722-836-0751
2021-01-27,LinkedIn Profile Review,tf1475,Tabina,Fossick,ag5545,Gilmore,Adela,Enterprise Risk Management,588-973-0838,695-733-2511
2018-06-01,LinkedIn Profile Review,gd2987,Gratia,Dalton,tm7476,Middleton,Tiffany,Construction Administration,235-508-1765,
2019-05-26,Interview Preparation,db7191,Davin,Burree,cm5579,Malone,Caleb,Narrative Medicine,806-278-2560,722-836-0751
2015-12-17,Salary Negotiation,aw7552,Alvinia,Witherby,rf7197,Flynn,Rachael,Sustainability Science,379-212-2021,587-381-4208
2019-05-31,LinkedIn Profile Review,mm9845,Maryanne,Mc Mechan,cc4961,Clifton,Caleb,Information Knowledge Strategy,602-292-2379,
2020-05-17,Industry & Occupation Exploration,tt3916,Thadeus,Thorp,tp2048,Page ,Taylor,Bioethics,482-971-5053,
2019-03-06,Resume Review,nd6491,Natalya,Danzey,rf7197,Flynn,Rachael,Sustainability Science,379-212-2021,587-381-4208
2020-05-30,Cover Letter Review,gc5540,Gae,Collet,mj2802,Jackson,Madison,Sustainability Science,175-607-9101,617-147-9501
2020-08-20,Resume Review,cs5828,Craig,Scurry,cu4046,Uttridge,Chad,Information Knowledge Strategy,152-545-2753,
2018-11-10,LinkedIn Profile Review,tc1032,Trev,Clark,md1305,Drake,Matthew,Sports Management,615-556-1618,842-248-2113
2016-05-11,Personal Brand Development,le6070,Loreen,Ennals,md7297,Davies,Marissa,Information Knowledge Strategy,512-453-7270,
2016-07-28,Self-Assessment,we1101,Wren,Eade,hc2977,Camden,Harvey,Bioethics,931-647-4196,
2018-07-07,Interview Preparation,aa2072,Alvie,Akid,cw8557,Wilkinson,Camila,Information Knowledge Strategy,879-614-3350,
2016-08-31,Networking Strategy,tf7108,Tobie,Fleckno,ly7056,Yarwood,Logan,Negotiation and Conflict Resolution,634-912-5228,808-199-8505
2017-10-22,Cover Letter Review,cd8702,Carlita,Davidowich,lf9385,Farmer,Lana,Negotiation and Conflict Resolution,350-997-4895,796-395-6169
2020-10-21,Resume Review,dl7353,Daloris,Linguard,kt7376,Thatcher,Kieth,Information Knowledge Strategy,673-620-5613,
2014-10-08,Resume Review,bm5638,Bamby,Madden,mw1884,Woodley,Martin,Human Capital Management,210-601-7987,
2015-08-03,Self-Assessment,as6112,Athena,Shellshear,ag5545,Gilmore,Adela,Enterprise Risk Management,588-973-0838,695-733-2511
2016-06-16,Job & Internship Search,sm1163,Stephen,MacCarter,hc2977,Camden,Harvey,Bioethics,931-647-4196,
2018-07-14,LinkedIn Profile Review,ec3940,Edi,Cradey,cu4046,Uttridge,Chad,Information Knowledge Strategy,152-545-2753,
2015-01-08,Interview Preparation,th7206,Tobit,Hanscombe,rf7197,Flynn,Rachael,Sustainability Science,379-212-2021,587-381-4208
2021-10-22,LinkedIn Profile Review,tp3038,Thomasina,Purver,nb1659,Broomfield,Nate,Bioethics,443-730-2455,870-410-4949
2016-07-23,Personal Brand Development,gm6959,Gregory,MacDiarmond,ew6156,Watson,Evie,Construction Administration,469-897-1725,
2019-05-14,Networking Strategy,gr2940,Gene,Ridgedell,nb1659,Broomfield,Nate,Bioethics,443-730-2455,870-410-4949
2018-01-05,Self-Assessment,ed1553,Eulalie,Domerc,tp2048,Page ,Taylor,Bioethics,482-971-5053,
2017-03-28,Self-Assessment,ds9555,Deanna,Stobo,km5645,Marshall,Katelyn,Sustainability Management,170-102-3772,
2016-06-30,Networking Strategy,yw2349,Yoko,Wilkennson,mw1884,Woodley,Martin,Human Capital Management,210-601-7987,
2019-07-01,Cover Letter Review,ks9198,Katlin,Stoile,km9766,Moreno,Karla,Sustainability Management,296-461-9225,197-794-5784
2016-06-19,Resume Review,cb5772,Cly,Birkmyr,md7297,Davies,Marissa,Information Knowledge Strategy,512-453-7270,
2018-04-12,Personal Brand Development,if4314,Inness,Fills,tp2048,Page ,Taylor,Bioethics,482-971-5053,
2014-12-03,LinkedIn Profile Review,pj7325,Paten,Jacomb,so9324,Oldfield,Selena,Enterprise Risk Management,271-908-0310,
2017-03-30,Personal Brand Development,da8685,Donelle,Asch,ag5545,Gilmore,Adela,Enterprise Risk Management,588-973-0838,695-733-2511
2019-02-25,Cover Letter Review,ms9839,Marlowe,Seary,cj1862,Jackson,Carissa,Nonprofit Management,547-863-5667,189-630-4794
2016-07-23,Interview Preparation,gm6959,Gregory,MacDiarmond,jr8667,Redden,Jolene,Negotiation and Conflict Resolution,504-723-7222,
2016-11-20,Cover Letter Review,pg1451,Perren,Guerreau,mb8132,Bailey,Mason,Technology Management,710-338-7733,
2017-12-31,Networking Strategy,wm6121,Willi,McRonald,rf7197,Flynn,Rachael,Sustainability Science,379-212-2021,587-381-4208
2018-06-01,Resume Review,gd2987,Gratia,Dalton,rv5254,Varley,Rowan,Actuarial Science,776-335-4090,
2016-10-06,Interview Preparation,mg5160,Melonie,Gossart,jl5979,Lindsay,Jazmin,Wealth Management,418-473-3063,475-699-9338
2020-12-04,LinkedIn Profile Review,ma3002,Mohandis,Abramovitz,la7998,Attwood,Lindsay,Information Knowledge Strategy,184-369-2646,340-240-3841
2020-11-13,Salary Negotiation,fd7751,Flory,Dillon,cc4961,Clifton,Caleb,Information Knowledge Strategy,602-292-2379,
2016-09-26,LinkedIn Profile Review,cm7140,Chastity,Mannie,cc4961,Clifton,Caleb,Information Knowledge Strategy,602-292-2379,
2015-02-21,Self-Assessment,gu4591,Gaultiero,Ulrik,gd8200,Driscoll,George,Sports Management,651-556-6497,
2021-04-10,Networking Strategy,es1727,Essa,Sachno,md7297,Davies,Marissa,Information Knowledge Strategy,512-453-7270,
2016-12-23,Salary Negotiation,dg9792,Dyann,Grier,om4035,Moss,Olivia,Strategic Communication,730-800-9467,
2020-06-14,Industry & Occupation Exploration,bs8262,Brita,Shutle,md1305,Drake,Matthew,Sports Management,615-556-1618,842-248-2113
2015-11-13,Resume Review,sl4152,Sayer,Lissandre,km5645,Marshall,Katelyn,Sustainability Management,170-102-3772,
2018-06-03,Interview Preparation,gc3217,Garek,Cliss,mv7733,Vane,Martin,Sustainability Science,702-127-2763,
2019-05-26,Cover Letter Review,db7191,Davin,Burree,mj2802,Jackson,Madison,Sustainability Science,175-607-9101,617-147-9501
2016-04-28,Self-Assessment,qf2235,Quentin,Firminger,lf9385,Farmer,Lana,Negotiation and Conflict Resolution,350-997-4895,796-395-6169
2019-04-23,Personal Brand Development,sm1218,Spense,Michelotti,tp2048,Page ,Taylor,Bioethics,482-971-5053,
2018-05-17,Networking Strategy,hl1610,Hastings,Lowings,gd8200,Driscoll,George,Sports Management,651-556-6497,
2020-08-31,Networking Strategy,mp8235,Melany,Praten,eg1362,Gregory,Eve,Narrative Medicine,303-174-2582,752-872-1547
2019-09-16,Resume Review,rp4416,Rozalin,Prestage,lf9385,Farmer,Lana,Negotiation and Conflict Resolution,350-997-4895,796-395-6169
2017-01-14,Job & Internship Search,el5169,Edgardo,Lownsbrough,tp2048,Page ,Taylor,Bioethics,482-971-5053,
2017-10-26,LinkedIn Profile Review,to9401,Torre,O'Kerin,md1305,Drake,Matthew,Sports Management,615-556-1618,842-248-2113
2019-03-17,Personal Brand Development,wp5664,Winthrop,Proschke,ew5741,Wilkinson,Elise,Strategic Communication,597-486-9313,400-597-4347
2017-04-27,Self-Assessment,br1353,Boot,Rennocks,lf9385,Farmer,Lana,Negotiation and Conflict Resolution,350-997-4895,796-395-6169
2016-12-19,Resume Review,lw2413,Lizette,Worwood,ly7056,Yarwood,Logan,Negotiation and Conflict Resolution,634-912-5228,808-199-8505
2017-03-28,Networking Strategy,ds9555,Deanna,Stobo,rv5254,Varley,Rowan,Actuarial Science,776-335-4090,
2016-06-20,Personal Brand Development,gb2395,Garth,Brilon,mb8132,Bailey,Mason,Technology Management,710-338-7733,
2022-05-24,Networking Strategy,te9890,Torrie,Elintune,md1305,Drake,Matthew,Sports Management,615-556-1618,842-248-2113
2016-07-06,Networking Strategy,cd3072,Clarey,Demare,wn3348,Neal,Winnie,Human Capital Management,150-513-7653,
2016-04-17,Personal Brand Development,pd8482,Pippa,Dericot,ag5545,Gilmore,Adela,Enterprise Risk Management,588-973-0838,695-733-2511
2021-03-05,Industry & Occupation Exploration,rs8893,Reed,Spurriar,mw1884,Woodley,Martin,Human Capital Management,210-601-7987,
2020-09-26,Personal Brand Development,cf2053,Claude,Facey,mm5043,Mason,Maggie,Nonprofit Management,466-285-7099,621-136-6833
2019-05-31,LinkedIn Profile Review,mm9845,Maryanne,Mc Mechan,ja1245,Addison,Julian,Narrative Medicine,738-857-5283,
2019-03-17,Interview Preparation,wp5664,Winthrop,Proschke,mv7733,Vane,Martin,Sustainability Science,702-127-2763,
2018-11-16,Self-Assessment,ak9658,Aurilia,Kalinowsky,eg1362,Gregory,Eve,Narrative Medicine,303-174-2582,752-872-1547
2014-08-29,Salary Negotiation,cb8395,Cart,Beckles,mw1884,Woodley,Martin,Human Capital Management,210-601-7987,
2017-08-13,Salary Negotiation,em5618,Evin,Middlemass,ew6156,Watson,Evie,Construction Administration,469-897-1725,
2015-12-18,Salary Negotiation,gg3797,Glen,Gliddon,lf9385,Farmer,Lana,Negotiation and Conflict Resolution,350-997-4895,796-395-6169
2018-06-05,Job Offer Evaluation,md3255,Martin,Dorrian,ag5545,Gilmore,Adela,Enterprise Risk Management,588-973-0838,695-733-2511
2017-07-29,Networking Strategy,cg9010,Chere,Gozzett,om4035,Moss,Olivia,Strategic Communication,730-800-9467,
2021-11-01,Job & Internship Search,ac9121,Annabell,Cutford,cm5579,Malone,Caleb,Narrative Medicine,806-278-2560,722-836-0751
2019-05-01,LinkedIn Profile Review,jm4007,Joana,MacGraith,wn3348,Neal,Winnie,Human Capital Management,150-513-7653,
2016-12-22,Networking Strategy,fb6278,Forrester,Bygraves,cw8557,Wilkinson,Camila,Information Knowledge Strategy,879-614-3350,
2020-03-23,Self-Assessment,gg4115,Gauthier,Goodright,kt7376,Thatcher,Kieth,Information Knowledge Strategy,673-620-5613,
2015-06-28,Cover Letter Review,qg7260,Quentin,Gilstoun,jr3547,Ross,Johnny,Narrative Medicine,364-442-4571,
2016-12-01,Industry & Occupation Exploration,rm1683,Rosanna,McElroy,ba3545,Allen,Bryce,Enterprise Risk Management,953-597-8601,
2015-03-31,Salary Negotiation,xw1668,Xylia,Worsalls,ja9526,Armstrong,Julian,Information Knowledge Strategy,394-132-2853,
2019-06-09,Self-Assessment,aw2202,Anabelle,Waterstone,jr8667,Redden,Jolene,Negotiation and Conflict Resolution,504-723-7222,
2019-04-12,Resume Review,rf8504,Rivalee,Fenelon,ew5741,Wilkinson,Elise,Strategic Communication,597-486-9313,400-597-4347
2017-10-21,LinkedIn Profile Review,mh2321,Myrtice,Heinish,hs1204,Shepherd,Henry,Actuarial Science,172-492-9674,
2015-08-20,Salary Negotiation,lc3408,Linea,Cleatherow,jr5803,Reid,John,Applied Analytics,785-885-8857,507-874-5721
2020-11-17,LinkedIn Profile Review,kj6311,Kiley,Jozefowicz,eh3697,Harrison,Emma,Information Knowledge Strategy,820-961-0125,
2019-03-17,Interview Preparation,wp5664,Winthrop,Proschke,mw1884,Woodley,Martin,Human Capital Management,210-601-7987,
2020-10-20,Job Offer Evaluation,eh4894,Emogene,Hof,tm7476,Middleton,Tiffany,Construction Administration,235-508-1765,
2014-05-30,Resume Review,rm4797,Rozamond,McMurdo,cj1862,Jackson,Carissa,Nonprofit Management,547-863-5667,189-630-4794
2021-08-28,LinkedIn Profile Review,km1655,Kahaleel,Mulliss,ew5741,Wilkinson,Elise,Strategic Communication,597-486-9313,400-597-4347
2016-04-17,Cover Letter Review,pd8482,Pippa,Dericot,bs7680,Silva,Bryon,Negotiation and Conflict Resolution,497-994-6155,494-360-9177
2016-06-20,Interview Preparation,gb2395,Garth,Brilon,cu4046,Uttridge,Chad,Information Knowledge Strategy,152-545-2753,
2015-10-23,Cover Letter Review,pk5663,Peirce,Kench,ag5545,Gilmore,Adela,Enterprise Risk Management,588-973-0838,695-733-2511
2016-03-24,Personal Brand Development,jn8938,Jewelle,Normington,wn3348,Neal,Winnie,Human Capital Management,150-513-7653,
2019-04-22,Salary Negotiation,gb9669,Glenna,Barkshire,tp2048,Page ,Taylor,Bioethics,482-971-5053,
2015-09-03,Cover Letter Review,ym4697,Yetty,McGaughie,cj1862,Jackson,Carissa,Nonprofit Management,547-863-5667,189-630-4794
2020-08-26,Personal Brand Development,te6644,Troy,Evanson,cm5579,Malone,Caleb,Narrative Medicine,806-278-2560,722-836-0751
2017-12-16,Self-Assessment,am8493,Abraham,Molian,rg3134,Graham,Rosalie,Construction Administration,456-542-4109,959-929-3035
2016-08-10,Job Offer Evaluation,rs4218,Reuben,Stainer,ew6156,Watson,Evie,Construction Administration,469-897-1725,
2015-05-30,Interview Preparation,mr1132,Max,Rosellini,cw8557,Wilkinson,Camila,Information Knowledge Strategy,879-614-3350,
2020-03-24,Job Offer Evaluation,tv4803,Tulley,Viggars,mv7733,Vane,Martin,Sustainability Science,702-127-2763,
2018-03-09,Cover Letter Review,mo6654,Moll,O' Culligan,cw8557,Wilkinson,Camila,Information Knowledge Strategy,879-614-3350,
2018-07-14,LinkedIn Profile Review,ec3940,Edi,Cradey,ba3545,Allen,Bryce,Enterprise Risk Management,953-597-8601,
2021-11-05,Networking Strategy,rb8248,Rivkah,Belchem,ag5545,Gilmore,Adela,Enterprise Risk Management,588-973-0838,695-733-2511
2020-03-23,LinkedIn Profile Review,gl1533,Goldarina,Lassen,la7998,Attwood,Lindsay,Information Knowledge Strategy,184-369-2646,340-240-3841
2020-07-10,LinkedIn Profile Review,jm3633,Jo,MacKintosh,mm5043,Mason,Maggie,Nonprofit Management,466-285-7099,621-136-6833
2016-05-11,Job & Internship Search,le6070,Loreen,Ennals,cj1862,Jackson,Carissa,Nonprofit Management,547-863-5667,189-630-4794
2016-04-06,Networking Strategy,hk7656,Herby,Kowalski,km5645,Marshall,Katelyn,Sustainability Management,170-102-3772,
2016-02-20,Job Offer Evaluation,ei9254,Even,Inkles,ly7056,Yarwood,Logan,Negotiation and Conflict Resolution,634-912-5228,808-199-8505
2016-02-28,Job Offer Evaluation,ts4396,Tann,Seakin,jl5979,Lindsay,Jazmin,Wealth Management,418-473-3063,475-699-9338
2015-07-09,Industry & Occupation Exploration,rb2128,Rivkah,Bruhnicke,cj1862,Jackson,Carissa,Nonprofit Management,547-863-5667,189-630-4794
2017-12-31,Interview Preparation,wm6121,Willi,McRonald,rv5254,Varley,Rowan,Actuarial Science,776-335-4090,
2015-07-10,Salary Negotiation,pp3044,Prudence,Parrin,jd1170,Daniells,Jenna,Sports Management,900-464-2871,
2020-11-03,LinkedIn Profile Review,wc8347,Wenona,Chappelle,lf9385,Farmer,Lana,Negotiation and Conflict Resolution,350-997-4895,796-395-6169
2019-10-18,Self-Assessment,jd7256,Jonie,Didsbury,hl5850,Lindop,Henry,Sports Management,212-679-1486,
2019-04-21,Cover Letter Review,ve8236,Valenka,Edgworth,mj2802,Jackson,Madison,Sustainability Science,175-607-9101,617-147-9501
2018-05-06,Cover Letter Review,cs4092,Cristin,Spandley,om4035,Moss,Olivia,Strategic Communication,730-800-9467,
2019-05-07,LinkedIn Profile Review,bi6212,Brock,Ivchenko,nf9519,Fenton,Norah,Applied Analytics,143-243-3371,
2022-08-12,LinkedIn Profile Review,am2193,Adrian,Mansion,br7574,Randall,Barry,Human Capital Management,475-766-2890,892-955-6563
2016-01-29,LinkedIn Profile Review,pg3684,Perri,Gever,ba3545,Allen,Bryce,Enterprise Risk Management,953-597-8601,
2019-01-30,Cover Letter Review,aa1207,Alair,Altree,la7998,Attwood,Lindsay,Information Knowledge Strategy,184-369-2646,340-240-3841
2020-03-24,Industry & Occupation Exploration,lh3392,Lisabeth,Hewins,cw8557,Wilkinson,Camila,Information Knowledge Strategy,879-614-3350,
2018-02-09,Interview Preparation,pb5265,Peg,Butts,jl5979,Lindsay,Jazmin,Wealth Management,418-473-3063,475-699-9338
2014-08-27,Resume Review,do4984,Desiri,Oleksinski,ag5545,Gilmore,Adela,Enterprise Risk Management,588-973-0838,695-733-2511
2021-01-30,Salary Negotiation,rt5639,Ruttger,Tabram,km9766,Moreno,Karla,Sustainability Management,296-461-9225,197-794-5784
2016-01-09,Self-Assessment,km9311,Katina,Macek,om4035,Moss,Olivia,Strategic Communication,730-800-9467,
2020-11-13,Resume Review,fd7751,Flory,Dillon,ly7056,Yarwood,Logan,Negotiation and Conflict Resolution,634-912-5228,808-199-8505
2015-04-08,Interview Preparation,tp8436,Thaxter,Phelps,jr5803,Reid,John,Applied Analytics,785-885-8857,507-874-5721
2017-07-26,Personal Brand Development,cm7214,Clovis,Maciejewski,wn3348,Neal,Winnie,Human Capital Management,150-513-7653,
2015-07-29,Interview Preparation,js9832,Jean,Skinley,rg3134,Graham,Rosalie,Construction Administration,456-542-4109,959-929-3035
2019-06-08,Industry & Occupation Exploration,ad5095,Alysa,Donet,mw1884,Woodley,Martin,Human Capital Management,210-601-7987,
2014-10-29,Job Offer Evaluation,pg3091,Phaedra,Girardi,tm7476,Middleton,Tiffany,Construction Administration,235-508-1765,
2018-08-12,Job Offer Evaluation,dd4970,Diahann,Degoix,jd1170,Daniells,Jenna,Sports Management,900-464-2871,
2020-06-13,Cover Letter Review,bs7868,Brier,Spinetti,nf9519,Fenton,Norah,Applied Analytics,143-243-3371,
2016-08-25,Self-Assessment,rc7465,Ralina,Caistor,km9766,Moreno,Karla,Sustainability Management,296-461-9225,197-794-5784
2020-10-20,Cover Letter Review,hu4048,Hildy,Uppett,hc2977,Camden,Harvey,Bioethics,931-647-4196,
2018-09-10,Salary Negotiation,ld8762,Lincoln,Downs,cw8557,Wilkinson,Camila,Information Knowledge Strategy,879-614-3350,
2017-01-28,Job & Internship Search,ma5424,Melisse,Alwen,km9766,Moreno,Karla,Sustainability Management,296-461-9225,197-794-5784
2019-05-07,Cover Letter Review,bi6212,Brock,Ivchenko,ly7056,Yarwood,Logan,Negotiation and Conflict Resolution,634-912-5228,808-199-8505
2015-01-21,Resume Review,td4217,Tessa,Draisey,eh3697,Harrison,Emma,Information Knowledge Strategy,820-961-0125,
2021-02-02,Resume Review,mj2595,Milt,Jopp,tp2048,Page ,Taylor,Bioethics,482-971-5053,
2019-05-07,LinkedIn Profile Review,pg2386,Pietrek,Gambie,km5645,Marshall,Katelyn,Sustainability Management,170-102-3772,
2020-03-06,Resume Review,nd8806,Nike,Di Batista,pc3553,Cadman,Phillip,Narrative Medicine,720-908-9320,
2020-06-08,Job Offer Evaluation,yr2844,Yuma,Rupke,mb8132,Bailey,Mason,Technology Management,710-338-7733,
2019-08-22,Self-Assessment,ed5144,Emera,Dedrick,mb8132,Bailey,Mason,Technology Management,710-338-7733,
2020-08-11,Salary Negotiation,cf4687,Clerissa,Fillon,rv5254,Varley,Rowan,Actuarial Science,776-335-4090,
2016-05-11,Salary Negotiation,ac7306,Auguste,Coare,nb1659,Broomfield,Nate,Bioethics,443-730-2455,870-410-4949
2020-06-09,Industry & Occupation Exploration,gw6389,Grady,Weatherup,km9766,Moreno,Karla,Sustainability Management,296-461-9225,197-794-5784
2019-10-28,LinkedIn Profile Review,cs3440,Christie,Schulken,km9766,Moreno,Karla,Sustainability Management,296-461-9225,197-794-5784
2019-04-05,Interview Preparation,md9426,Merralee,Darth,ja9526,Armstrong,Julian,Information Knowledge Strategy,394-132-2853,
2022-11-17,Networking Strategy,td3127,Timofei,Dragon,md7297,Davies,Marissa,Information Knowledge Strategy,512-453-7270,
2021-02-04,Networking Strategy,wj4740,Waring,Joblin,ja9526,Armstrong,Julian,Information Knowledge Strategy,394-132-2853,
2021-01-07,Interview Preparation,pe1121,Pavlov,Eburah,jr3547,Ross,Johnny,Narrative Medicine,364-442-4571,
2017-05-28,LinkedIn Profile Review,mt8122,Merrie,Toohey,mm5043,Mason,Maggie,Nonprofit Management,466-285-7099,621-136-6833
2018-07-24,Cover Letter Review,ab8491,Ambrose,Brydell,jr3547,Ross,Johnny,Narrative Medicine,364-442-4571,
2016-01-09,Job Offer Evaluation,rd6233,Royce,Duinkerk,cm5579,Malone,Caleb,Narrative Medicine,806-278-2560,722-836-0751
2021-09-13,Salary Negotiation,ac2336,Austina,Craig,om4035,Moss,Olivia,Strategic Communication,730-800-9467,
2019-06-11,Salary Negotiation,sw3803,Sandra,Wilfling,br7574,Randall,Barry,Human Capital Management,475-766-2890,892-955-6563
2019-11-08,Industry & Occupation Exploration,tm7389,Tobin,Meah,km5645,Marshall,Katelyn,Sustainability Management,170-102-3772,
2022-01-05,Personal Brand Development,wd1262,Wini,Doy,br7574,Randall,Barry,Human Capital Management,475-766-2890,892-955-6563
2016-02-25,Networking Strategy,ad2419,Arlina,Dallmann,rf7197,Flynn,Rachael,Sustainability Science,379-212-2021,587-381-4208
