mentorship_date,student_id,student_firstname,student_lastname,alumni_id,alumni_lastname,alumni_firstname,alumni_program,alumni_job_industry,alumni_phone_no_cell,alumni_phone_no_land,alumni_skill_1,alumni_skill_2
2017-01-02,hc3237,Hagan,Cable,nk7657,Kurt,Neal,Information Knowledge Strategy,Environment & Weather,905-951-5322,,Scheduling,
2016-11-29,sl4152,Sayer,Lissandre,cr8605,Rosie,Cunningham,Human Capital Management,Media,750-933-3580,141-652-9789,Negotiation,
2019-04-22,gl4274,Gilberte,Leebeter,le5799,Elle,Long,Sustainability Management,Research & Consulting,713-952-0376,,Office Equipment,
2019-07-05,bs7868,Brier,Spinetti,eo6439,Oliver,Edwards,Sports Management,Media,643-753-4622,,Negotiation,
2017-04-27,ga2856,Goddard,Alcide,pl5399,Logan,Price,Applied Analytics,Finance & Investment,294-879-8447,874-429-3715,Welcoming Visitors,Java
2022-04-07,cl2862,Claiborn,Langstrath,jr7218,Rosalyn,Johnson,Sustainability Management,Finance & Investment,765-767-4252,,Lead Qualification,
2016-05-29,cs9514,Corby,Stretton,vh5628,Harry,Ventura,Sports Management,Governance,919-214-9720,911-105-5872,Negotiation,
2021-01-17,tg5136,Tommy,Giacovazzo,pl5399,Logan,Price,Applied Analytics,Finance & Investment,294-879-8447,874-429-3715,Welcoming Visitors,Java
2016-04-14,le6070,Loreen,Ennals,vt1529,Teagan,Villiger,Human Capital Management,Data/Technology,916-795-1144,533-746-4116,Communication,Machine Learning
2016-04-22,lf4312,Lindie,Fishleigh,hm7100,Mary,Harrington,Enterprise Risk Management,Media,946-878-9892,,Empathy,
2020-08-11,gb6225,Gabriel,Boxhill,pe4593,Elise,Patel,Construction Administration,Governance,240-849-6971,,Accounting,
2020-02-14,mw9706,Merissa,Walisiak,pe4593,Elise,Patel,Construction Administration,Governance,240-849-6971,,Accounting,
2018-09-23,gb9990,Giffard,Breslauer,mb6076,Bryon,Mason,Wealth Management,Education,517-338-4892,,Customer Needs Analysis,
2020-01-29,cf3122,Carla,Fitchett,ss1224,Sharon,Simmons,Information Knowledge Strategy,Data/Technology,910-252-8326,,Product Knowledge,R
2020-04-19,td6442,Theodore,Duinbleton,ds9033,Sofia,Dale,Wealth Management,Transportation,808-174-2639,,Data Entry,
2020-04-07,jd3659,Johnette,Domingues,wp4003,Peter,Walsh,Actuarial Science,Lifestyle & Consumer,168-303-3179,,Negotiation,
2020-04-23,vp8113,Viviyan,Polglaze,ae4475,Eve,Alldridge,Wealth Management,Insurance,268-136-1630,,Lead Prospecting ,
2017-03-31,aa2072,Alvie,Akid,vt1529,Teagan,Villiger,Human Capital Management,Data/Technology,916-795-1144,533-746-4116,Communication,Machine Learning
2019-09-12,am2714,Ailbert,MacGillacolm,oe7927,Emma,Oliver,Bioethics,Governance,821-189-3311,,Management,
2017-03-12,td2838,Tam,Delacroix,oe7927,Emma,Oliver,Bioethics,Governance,821-189-3311,,Management,
2021-01-23,lk3272,Lorianna,Kolin,sn9731,Nicholas,Saunders,Technology Management,Food & Agriculture,899-601-6072,669-649-7674,Organization,
2021-11-23,pc9978,Page,Crooke,bj7054,Jackeline,Brown,Insurance Management,Housing/Real Estate,134-532-3258,181-403-1838,Product Knowledge,
2015-04-24,dk4857,Deane,Kennerknecht,ss1224,Sharon,Simmons,Information Knowledge Strategy,Data/Technology,910-252-8326,,Product Knowledge,R
2018-08-20,sh8103,Stefania,Houldcroft,vt1529,Teagan,Villiger,Human Capital Management,Data/Technology,916-795-1144,533-746-4116,Communication,Machine Learning
2017-03-02,cb9723,Calv,Brownstein,oe7927,Emma,Oliver,Bioethics,Governance,821-189-3311,,Management,
2017-01-27,dt2731,Dario,Toogood,lt2316,Tom,Larkin,Wealth Management,Transportation,940-809-6751,,Leadership,
2014-08-10,bd4789,Bambie,Duligal,kr2301,Rachael,Khan,Bioethics,Research & Consulting,768-317-1146,,Data Entry,
2018-06-15,cr9771,Cecily,Richardon,eo6439,Oliver,Edwards,Sports Management,Media,643-753-4622,,Negotiation,
2018-01-13,ab8028,Ainslee,Bastie,hm7100,Mary,Harrington,Enterprise Risk Management,Media,946-878-9892,,Empathy,
2018-08-19,cw8464,Christian,Willavoys,aa6055,Aeris,Avery,Construction Administration,Food & Agriculture,331-264-5999,,Contract Negotiation,
2015-07-19,mt2524,Marta,Thacke,tj8264,John,Thorne,Sustainability Management,Governance,877-204-6276,484-930-2160,Billing,
2020-02-13,kn1273,Karola,Niesing,ds9033,Sofia,Dale,Wealth Management,Transportation,808-174-2639,,Data Entry,
2017-04-14,mc7986,Marnie,Castanos,ha7255,Alessandra,Harper,Sustainability Management,Housing/Real Estate,355-178-2781,,Customer Service,
2021-05-19,bj1369,Brigida,Jumonet,dm8372,Maddison,Dickson,Sustainability Management,Lifestyle & Consumer,935-171-1800,393-839-8956,Scheduling,
2016-12-15,nd6162,Nanine,Devereu,ss1224,Sharon,Simmons,Information Knowledge Strategy,Data/Technology,910-252-8326,,Product Knowledge,R
2017-10-10,lk6589,Lynn,Kitchenside,tj8264,John,Thorne,Sustainability Management,Governance,877-204-6276,484-930-2160,Billing,
2020-10-21,pw7347,Prue,Wickman,ha7255,Alessandra,Harper,Sustainability Management,Housing/Real Estate,355-178-2781,,Customer Service,
2015-05-13,hf4514,Howard,Fassbender,hd4260,Danny,Hale,Sustainability Science,Healthcare,916-934-9218,748-555-1548,Office Equipment,
2019-03-03,el1328,Elysee,Leemans,lh6514,Harvey,Lynch,Negotiation and Conflict Resolution,Transportation,387-170-5980,,Data Entry,
2015-05-01,iv2594,Iggie,Vardey,va8834,Adalind,Vass,Narrative Medicine,Education,231-989-5471,,Office Equipment,
2018-03-30,tg3809,Timothea,Gibbard,sm3807,Mya,Stewart,Construction Administration,Governance,214-712-8023,343-159-1311,Accounting,
2018-07-05,rc7465,Ralina,Caistor,hj7691,Judith,Hopkins,Sustainability Management,Food & Agriculture,184-142-6248,,Product Knowledge,
2019-08-29,av7272,Aluin,Vitet,va8834,Adalind,Vass,Narrative Medicine,Education,231-989-5471,,Office Equipment,
2019-07-11,ak6805,Andriana,Kloser,ar9429,Renee,Abbey,Insurance Management,,464-190-7307,,Salesforce,
2017-04-05,fb1277,Farlay,Birrane,wp4003,Peter,Walsh,Actuarial Science,Lifestyle & Consumer,168-303-3179,,Negotiation,
2018-01-15,wv3801,Wilow,Verni,ha7255,Alessandra,Harper,Sustainability Management,Housing/Real Estate,355-178-2781,,Customer Service,
2016-01-06,rb4044,Rita,Bodle,sn9731,Nicholas,Saunders,Technology Management,Food & Agriculture,899-601-6072,669-649-7674,Organization,
2020-07-09,gz6629,Gerta,Zieme,vh5628,Harry,Ventura,Sports Management,Governance,919-214-9720,911-105-5872,Negotiation,
2016-01-07,cm3367,Charlot,Mc Giffin,vb7977,Belinda,Vaughn,Actuarial Science,Aerospace and Defense,253-274-7609,147-736-9608,Shipping,
2016-02-11,gb2395,Garth,Brilon,hm7100,Mary,Harrington,Enterprise Risk Management,Media,946-878-9892,,Empathy,
2015-08-15,sm1163,Stephen,MacCarter,ao3786,Owen,Abbot,Information Knowledge Strategy,Energy,408-678-0738,,Lead Qualification,
2015-05-13,hf4514,Howard,Fassbender,wp4003,Peter,Walsh,Actuarial Science,Lifestyle & Consumer,168-303-3179,,Negotiation,
2021-08-10,gh2002,Gabriell,Heustace,fh6385,Helen,Foxley,Bioethics,Research & Consulting,244-174-3136,,Management,
2017-10-26,av7303,Antony,Viel,wp4003,Peter,Walsh,Actuarial Science,Lifestyle & Consumer,168-303-3179,,Negotiation,
2017-06-22,cm3960,Chauncey,Magner,sm3807,Mya,Stewart,Construction Administration,Governance,214-712-8023,343-159-1311,Accounting,
2015-01-02,he5574,Hercules,Earpe,gn8809,Nina,Goldsmith,Wealth Management,Housing/Real Estate,689-267-4619,477-138-8514,Decision Making,
2015-05-01,iv2594,Iggie,Vardey,al4878,Leroy,Aldridge,Human Capital Management,Education,309-481-2568,,Organization,
2021-10-16,tk8377,Talyah,Kaveney,hj7691,Judith,Hopkins,Sustainability Management,Food & Agriculture,184-142-6248,,Product Knowledge,
2016-08-12,oh9585,Olive,Hamberston,fj1320,Jacob,Forth,Negotiation and Conflict Resolution,Healthcare,515-926-0819,651-494-2587,Creativity,
2022-01-21,aa4294,Anastassia,Akam,ci8168,Ilona,Callan,Narrative Medicine,Housing/Real Estate,592-368-1269,293-824-4883,Office Equipment,
2017-05-23,qf2235,Quentin,Firminger,jr7218,Rosalyn,Johnson,Sustainability Management,Finance & Investment,765-767-4252,,Lead Qualification,
2020-09-15,yb1853,Yehudit,Beardmore,rc7076,Chadwick,Rossi,Negotiation and Conflict Resolution,,884-799-1563,,Microsoft Offices,
2020-09-19,cb8371,Cayla,Brasener,kr2301,Rachael,Khan,Bioethics,Research & Consulting,768-317-1146,,Data Entry,
2015-05-03,is9134,Isa,Shaylor,tj8264,John,Thorne,Sustainability Management,Governance,877-204-6276,484-930-2160,Billing,
2017-11-04,kp2750,Kennett,Purseglove,dm8372,Maddison,Dickson,Sustainability Management,Lifestyle & Consumer,935-171-1800,393-839-8956,Scheduling,
2018-10-19,sb3699,Sheree,Banville,dm8372,Maddison,Dickson,Sustainability Management,Lifestyle & Consumer,935-171-1800,393-839-8956,Scheduling,
2020-01-16,rf8504,Rivalee,Fenelon,ds6909,Samantha,Dickson,Insurance Management,Environment & Weather,141-526-9524,734-504-9475,Product Knowledge,
2021-10-13,rs1079,Rube,Sailor,sm3807,Mya,Stewart,Construction Administration,Governance,214-712-8023,343-159-1311,Accounting,
2016-01-09,eh8783,Evangelia,Hugonin,ae4475,Eve,Alldridge,Wealth Management,Insurance,268-136-1630,,Lead Prospecting ,
2014-10-19,je2896,Jacky,Ettritch,aa6055,Aeris,Avery,Construction Administration,Food & Agriculture,331-264-5999,,Contract Negotiation,
2017-09-29,bw9557,Bing,Whitworth,oe7927,Emma,Oliver,Bioethics,Governance,821-189-3311,,Management,
2017-04-05,sh6609,Sonny,Handrahan,bj7054,Jackeline,Brown,Insurance Management,Housing/Real Estate,134-532-3258,181-403-1838,Product Knowledge,
2017-04-22,dj2409,Denys,Jeanel,fp5332,Percy,Freeburn,Nonprofit Management,Data/Technology,563-436-4623,307-656-9136,Referral Marketing,STATA
2016-01-28,cc4393,Clerc,Curbishley,mb6076,Bryon,Mason,Wealth Management,Education,517-338-4892,,Customer Needs Analysis,
2020-12-19,md5427,Melissa,Di Franceshci,tj8264,John,Thorne,Sustainability Management,Governance,877-204-6276,484-930-2160,Billing,
2016-04-22,lf4312,Lindie,Fishleigh,rc7076,Chadwick,Rossi,Negotiation and Conflict Resolution,,884-799-1563,,Microsoft Offices,
2020-12-22,fd6835,Franklin,Dalliston,sh2861,Helen,Stanley,Actuarial Science,Environment & Weather,248-534-0302,941-767-1087,Lead Prospecting ,
2019-08-06,ls2770,Lorry,Stainbridge,hj7691,Judith,Hopkins,Sustainability Management,Food & Agriculture,184-142-6248,,Product Knowledge,
2015-11-16,pj7325,Paten,Jacomb,eo6439,Oliver,Edwards,Sports Management,Media,643-753-4622,,Negotiation,
2020-08-20,br5516,Barrie,Rounce,mb6076,Bryon,Mason,Wealth Management,Education,517-338-4892,,Customer Needs Analysis,
2016-04-24,rk1735,Richy,Kirkbride,vt1529,Teagan,Villiger,Human Capital Management,Data/Technology,916-795-1144,533-746-4116,Communication,Machine Learning
2015-06-29,sr6318,Sherman,Rosoman,al4878,Leroy,Aldridge,Human Capital Management,Education,309-481-2568,,Organization,
2017-12-13,is2604,Ingelbert,Shute,lt2316,Tom,Larkin,Wealth Management,Transportation,940-809-6751,,Leadership,
2017-09-18,ml4094,Muriel,Lavelle,vh5628,Harry,Ventura,Sports Management,Governance,919-214-9720,911-105-5872,Negotiation,
2021-10-22,ml2233,Maurice,Logg,ci8168,Ilona,Callan,Narrative Medicine,Housing/Real Estate,592-368-1269,293-824-4883,Office Equipment,
2017-03-30,cg9010,Chere,Gozzett,ds6909,Samantha,Dickson,Insurance Management,Environment & Weather,141-526-9524,734-504-9475,Product Knowledge,
2021-12-12,ts4222,Trey,Stranaghan,vb7977,Belinda,Vaughn,Actuarial Science,Aerospace and Defense,253-274-7609,147-736-9608,Shipping,
2016-01-17,ml1155,Malchy,Lorrimer,fj1320,Jacob,Forth,Negotiation and Conflict Resolution,Healthcare,515-926-0819,651-494-2587,Creativity,
2019-05-20,dg5235,Dulcia,Goodbairn,vh5628,Harry,Ventura,Sports Management,Governance,919-214-9720,911-105-5872,Negotiation,
2018-02-05,cl4062,Caryl,Lawling,fp5332,Percy,Freeburn,Nonprofit Management,Data/Technology,563-436-4623,307-656-9136,Referral Marketing,STATA
2014-06-18,lg9950,Letty,Grisedale,ss1224,Sharon,Simmons,Information Knowledge Strategy,Data/Technology,910-252-8326,,Product Knowledge,R
2018-09-17,gk4966,Giustina,Keener,ds9033,Sofia,Dale,Wealth Management,Transportation,808-174-2639,,Data Entry,
2017-06-05,no8876,Neely,Ockwell,pl5399,Logan,Price,Applied Analytics,Finance & Investment,294-879-8447,874-429-3715,Welcoming Visitors,Java
2017-11-30,lh2710,Lissy,Hiscoke,aa6055,Aeris,Avery,Construction Administration,Food & Agriculture,331-264-5999,,Contract Negotiation,
2021-06-07,ab8233,Allianora,Bicheno,oe7927,Emma,Oliver,Bioethics,Governance,821-189-3311,,Management,
2020-11-28,gr2940,Gene,Ridgedell,ml5050,Logan,Myatt,Human Capital Management,Energy,714-714-1716,,Welcoming Visitors,
2020-05-18,jm3528,Jocelin,Melland,vb7977,Belinda,Vaughn,Actuarial Science,Aerospace and Defense,253-274-7609,147-736-9608,Shipping,
2019-12-13,ed8383,Elwood,Drakes,aa6055,Aeris,Avery,Construction Administration,Food & Agriculture,331-264-5999,,Contract Negotiation,
2018-02-18,ls4961,Leon,Smail,ci8168,Ilona,Callan,Narrative Medicine,Housing/Real Estate,592-368-1269,293-824-4883,Office Equipment,
2018-02-18,ls4961,Leon,Smail,sn9731,Nicholas,Saunders,Technology Management,Food & Agriculture,899-601-6072,669-649-7674,Organization,
2016-04-14,ls7937,Ladonna,Scaddon,ml5050,Logan,Myatt,Human Capital Management,Energy,714-714-1716,,Welcoming Visitors,
2020-01-28,tg8076,Thalia,Garratt,fh6385,Helen,Foxley,Bioethics,Research & Consulting,244-174-3136,,Management,
2020-06-09,rp4416,Rozalin,Prestage,ml5050,Logan,Myatt,Human Capital Management,Energy,714-714-1716,,Welcoming Visitors,
2016-08-05,mm9430,Mart,McClunaghan,eo6439,Oliver,Edwards,Sports Management,Media,643-753-4622,,Negotiation,
2014-12-27,pg3684,Perri,Gever,oe7927,Emma,Oliver,Bioethics,Governance,821-189-3311,,Management,
2019-01-11,eb3200,Emory,Beckley,cr8605,Rosie,Cunningham,Human Capital Management,Media,750-933-3580,141-652-9789,Negotiation,
2021-02-05,mt3738,Morissa,Treslove,vh5628,Harry,Ventura,Sports Management,Governance,919-214-9720,911-105-5872,Negotiation,
2020-09-18,dm4770,Dael,Miles,ed4359,Danielle,Ebden,Negotiation and Conflict Resolution,Media,560-820-6585,,Problem Solving,
2014-10-09,bs3141,Bradley,Sadat,vt1529,Teagan,Villiger,Human Capital Management,Data/Technology,916-795-1144,533-746-4116,Communication,Machine Learning
2016-11-07,bf1482,Benny,Fanthom,gn8809,Nina,Goldsmith,Wealth Management,Housing/Real Estate,689-267-4619,477-138-8514,Decision Making,
2018-10-07,cb5675,Chandler,Bidewel,al4878,Leroy,Aldridge,Human Capital Management,Education,309-481-2568,,Organization,
2018-07-08,lk9334,Lodovico,Klicher,ae4475,Eve,Alldridge,Wealth Management,Insurance,268-136-1630,,Lead Prospecting ,
2019-03-05,gb8819,Gennifer,Best,hm7100,Mary,Harrington,Enterprise Risk Management,Media,946-878-9892,,Empathy,
2015-06-20,gr2632,Gwenny,Robion,le5799,Elle,Long,Sustainability Management,Research & Consulting,713-952-0376,,Office Equipment,
2020-12-17,ec6149,Eadie,Conring,hb3765,Brad,Henderson,Human Capital Management,Geospatial/Mapping,819-201-4344,323-443-5956,Critical Thinking,
2019-01-19,kz5227,Konstantin,Zebedee,tj8264,John,Thorne,Sustainability Management,Governance,877-204-6276,484-930-2160,Billing,
2018-04-03,ue8997,Ulises,Ewer,ae4475,Eve,Alldridge,Wealth Management,Insurance,268-136-1630,,Lead Prospecting ,
2021-05-29,lc4648,Lorry,Culbard,tm2646,Maia,Taylor,Sustainability Science,Finance & Investment,577-947-3418,,Accounting,
2016-11-11,jb4441,Jervis,Badcock,oe7927,Emma,Oliver,Bioethics,Governance,821-189-3311,,Management,
2022-02-28,sp2374,Sophi,Pettie,dm8372,Maddison,Dickson,Sustainability Management,Lifestyle & Consumer,935-171-1800,393-839-8956,Scheduling,
2015-04-15,hg3770,Hilton,Goom,vh5628,Harry,Ventura,Sports Management,Governance,919-214-9720,911-105-5872,Negotiation,
2020-08-04,dc9465,Deni,Corryer,lt9962,Taylor,Little,Narrative Medicine,Healthcare,326-248-3687,,Self Motivation,
2022-02-08,rb8248,Rivkah,Belchem,tm2646,Maia,Taylor,Sustainability Science,Finance & Investment,577-947-3418,,Accounting,
2019-04-02,yr2844,Yuma,Rupke,ed4359,Danielle,Ebden,Negotiation and Conflict Resolution,Media,560-820-6585,,Problem Solving,
2021-11-21,jq7226,Jess,Quinane,fa3056,Allison,Farrow,Human Capital Management,Food & Agriculture,208-134-1450,482-883-8167,Lead Qualification,
2016-12-08,gm6772,Guthry,McLanachan,vt1529,Teagan,Villiger,Human Capital Management,Data/Technology,916-795-1144,533-746-4116,Communication,Machine Learning
2017-09-29,bw9557,Bing,Whitworth,pl5399,Logan,Price,Applied Analytics,Finance & Investment,294-879-8447,874-429-3715,Welcoming Visitors,Java
2017-09-04,cp2112,Charis,Perrigo,fj1320,Jacob,Forth,Negotiation and Conflict Resolution,Healthcare,515-926-0819,651-494-2587,Creativity,
2019-03-04,gm8749,Gardner,Mcall,hj7691,Judith,Hopkins,Sustainability Management,Food & Agriculture,184-142-6248,,Product Knowledge,
2016-05-11,nr5790,Niki,Roloff,oe7927,Emma,Oliver,Bioethics,Governance,821-189-3311,,Management,
2020-03-05,cd2265,Carilyn,Dickson,ml5050,Logan,Myatt,Human Capital Management,Energy,714-714-1716,,Welcoming Visitors,
2015-07-10,al9719,Addy,Lipgens,al4878,Leroy,Aldridge,Human Capital Management,Education,309-481-2568,,Organization,
2017-11-04,kp2750,Kennett,Purseglove,hj7691,Judith,Hopkins,Sustainability Management,Food & Agriculture,184-142-6248,,Product Knowledge,
2018-07-10,al8121,Allister,Linggard,hj7691,Judith,Hopkins,Sustainability Management,Food & Agriculture,184-142-6248,,Product Knowledge,
2020-02-05,pv6010,Preston,Veque,lh6514,Harvey,Lynch,Negotiation and Conflict Resolution,Transportation,387-170-5980,,Data Entry,
2018-12-21,ca2504,Chrystel,Aspall,ar9429,Renee,Abbey,Insurance Management,,464-190-7307,,Salesforce,
2020-04-22,ac4719,Adora,Cassar,sm6371,Marilyn,Slater,Wealth Management,Business & Legal Services,458-406-0172,,Negotiation,
2018-08-27,ch8804,Carlye,Haney`,vt1529,Teagan,Villiger,Human Capital Management,Data/Technology,916-795-1144,533-746-4116,Communication,Machine Learning
2015-12-03,mt8122,Merrie,Toohey,wp4003,Peter,Walsh,Actuarial Science,Lifestyle & Consumer,168-303-3179,,Negotiation,
2020-03-31,gc9826,Garnet,Ceresa,al4878,Leroy,Aldridge,Human Capital Management,Education,309-481-2568,,Organization,
2018-03-21,mr1044,Maribeth,Reveley,hm7100,Mary,Harrington,Enterprise Risk Management,Media,946-878-9892,,Empathy,
2019-11-22,es5924,Ennis,Squires,vt1529,Teagan,Villiger,Human Capital Management,Data/Technology,916-795-1144,533-746-4116,Communication,Machine Learning
2019-04-04,cs4092,Cristin,Spandley,fa3056,Allison,Farrow,Human Capital Management,Food & Agriculture,208-134-1450,482-883-8167,Lead Qualification,
2018-07-10,al8121,Allister,Linggard,bj7054,Jackeline,Brown,Insurance Management,Housing/Real Estate,134-532-3258,181-403-1838,Product Knowledge,
2018-11-08,tc1032,Trev,Clark,oe7927,Emma,Oliver,Bioethics,Governance,821-189-3311,,Management,
2019-03-12,fb1456,Free,Bursnoll,rc7076,Chadwick,Rossi,Negotiation and Conflict Resolution,,884-799-1563,,Microsoft Offices,
2017-03-31,aa2072,Alvie,Akid,ds6909,Samantha,Dickson,Insurance Management,Environment & Weather,141-526-9524,734-504-9475,Product Knowledge,
2020-05-26,ms9839,Marlowe,Seary,nk7657,Kurt,Neal,Information Knowledge Strategy,Environment & Weather,905-951-5322,,Scheduling,
2016-04-13,ds8894,Damaris,Shermar,al4878,Leroy,Aldridge,Human Capital Management,Education,309-481-2568,,Organization,
2020-09-30,bs4446,Benny,Scutter,lt2316,Tom,Larkin,Wealth Management,Transportation,940-809-6751,,Leadership,
2021-10-30,tp3038,Thomasina,Purver,hm7100,Mary,Harrington,Enterprise Risk Management,Media,946-878-9892,,Empathy,
2020-06-28,nd9804,Nial,Dzeniskevich,nk7657,Kurt,Neal,Information Knowledge Strategy,Environment & Weather,905-951-5322,,Scheduling,
2016-04-14,le6070,Loreen,Ennals,ci8168,Ilona,Callan,Narrative Medicine,Housing/Real Estate,592-368-1269,293-824-4883,Office Equipment,
2020-04-21,fc1329,Farris,Charte,aa6055,Aeris,Avery,Construction Administration,Food & Agriculture,331-264-5999,,Contract Negotiation,
2018-09-03,rt3656,Rozalin,Trengove,ha7255,Alessandra,Harper,Sustainability Management,Housing/Real Estate,355-178-2781,,Customer Service,
2020-10-21,pw7347,Prue,Wickman,le5799,Elle,Long,Sustainability Management,Research & Consulting,713-952-0376,,Office Equipment,
2017-02-26,vr7075,Valerie,Rachuig,lt9962,Taylor,Little,Narrative Medicine,Healthcare,326-248-3687,,Self Motivation,
2020-08-11,gb6225,Gabriel,Boxhill,aa6055,Aeris,Avery,Construction Administration,Food & Agriculture,331-264-5999,,Contract Negotiation,
2017-07-26,jb8379,Juanita,Biever,lt9962,Taylor,Little,Narrative Medicine,Healthcare,326-248-3687,,Self Motivation,
2015-01-09,jp5929,Jammie,Presley,tm2646,Maia,Taylor,Sustainability Science,Finance & Investment,577-947-3418,,Accounting,
2020-04-11,ae4257,Adriaens,Edgcombe,le5799,Elle,Long,Sustainability Management,Research & Consulting,713-952-0376,,Office Equipment,
2017-07-04,mg6885,Mercy,Gaze,ml5050,Logan,Myatt,Human Capital Management,Energy,714-714-1716,,Welcoming Visitors,
2017-04-30,ld9538,Leone,Dunsmuir,le5799,Elle,Long,Sustainability Management,Research & Consulting,713-952-0376,,Office Equipment,
2019-03-05,gb8819,Gennifer,Best,cr8605,Rosie,Cunningham,Human Capital Management,Media,750-933-3580,141-652-9789,Negotiation,
2020-06-05,kg3216,Kellina,Gerin,ci8168,Ilona,Callan,Narrative Medicine,Housing/Real Estate,592-368-1269,293-824-4883,Office Equipment,
2019-08-15,ab5741,Aimee,Bauser,gn8809,Nina,Goldsmith,Wealth Management,Housing/Real Estate,689-267-4619,477-138-8514,Decision Making,
2017-07-07,jd4296,Jenilee,Dalgarnowch,sm6371,Marilyn,Slater,Wealth Management,Business & Legal Services,458-406-0172,,Negotiation,
2021-11-10,lk8463,Luce,Kinahan,ml5050,Logan,Myatt,Human Capital Management,Energy,714-714-1716,,Welcoming Visitors,
2020-04-11,ae4257,Adriaens,Edgcombe,fh6385,Helen,Foxley,Bioethics,Research & Consulting,244-174-3136,,Management,
2022-04-02,aa9285,Alexia,Aylward,pe4593,Elise,Patel,Construction Administration,Governance,240-849-6971,,Accounting,
2019-12-08,eo4069,Edvard,Odgers,mb6076,Bryon,Mason,Wealth Management,Education,517-338-4892,,Customer Needs Analysis,
2016-11-11,mr6373,Merralee,Riden,ds6909,Samantha,Dickson,Insurance Management,Environment & Weather,141-526-9524,734-504-9475,Product Knowledge,
2016-11-07,bf1482,Benny,Fanthom,fh6385,Helen,Foxley,Bioethics,Research & Consulting,244-174-3136,,Management,
2021-12-12,ts4222,Trey,Stranaghan,nk7657,Kurt,Neal,Information Knowledge Strategy,Environment & Weather,905-951-5322,,Scheduling,
2018-05-09,dw8568,Dev,Worshall,hd4260,Danny,Hale,Sustainability Science,Healthcare,916-934-9218,748-555-1548,Office Equipment,
2016-10-23,rv6163,Rubina,Vail,rc7076,Chadwick,Rossi,Negotiation and Conflict Resolution,,884-799-1563,,Microsoft Offices,
2017-01-18,db3643,Dulsea,Beauchamp,lt2316,Tom,Larkin,Wealth Management,Transportation,940-809-6751,,Leadership,
2021-08-02,es1727,Essa,Sachno,ci8168,Ilona,Callan,Narrative Medicine,Housing/Real Estate,592-368-1269,293-824-4883,Office Equipment,
2016-05-13,jp3970,Jocko,Padbury,ar9429,Renee,Abbey,Insurance Management,,464-190-7307,,Salesforce,
2018-10-26,db2113,Dallas,Bonallack,sm6371,Marilyn,Slater,Wealth Management,Business & Legal Services,458-406-0172,,Negotiation,
2017-03-26,cg8799,Cris,Grenshields,gn8809,Nina,Goldsmith,Wealth Management,Housing/Real Estate,689-267-4619,477-138-8514,Decision Making,
2021-06-02,mk5978,Meridith,Kinnard,va8834,Adalind,Vass,Narrative Medicine,Education,231-989-5471,,Office Equipment,
2021-09-11,md1350,Merilyn,Dutnell,eo6439,Oliver,Edwards,Sports Management,Media,643-753-4622,,Negotiation,
2015-08-08,yg2691,Yorgo,Gale,pl5399,Logan,Price,Applied Analytics,Finance & Investment,294-879-8447,874-429-3715,Welcoming Visitors,Java
2015-12-18,tb2712,Theresa,Boddice,kr2301,Rachael,Khan,Bioethics,Research & Consulting,768-317-1146,,Data Entry,
2019-03-21,ce9146,Caye,Ellph,gn8809,Nina,Goldsmith,Wealth Management,Housing/Real Estate,689-267-4619,477-138-8514,Decision Making,
2021-11-10,lk8463,Luce,Kinahan,hb3765,Brad,Henderson,Human Capital Management,Geospatial/Mapping,819-201-4344,323-443-5956,Critical Thinking,
2017-03-13,ad3150,Avram,Dionisi,vt1529,Teagan,Villiger,Human Capital Management,Data/Technology,916-795-1144,533-746-4116,Communication,Machine Learning
2018-05-14,cb6823,Catharina,Braybrookes,sm6371,Marilyn,Slater,Wealth Management,Business & Legal Services,458-406-0172,,Negotiation,
2019-07-10,ks6400,Kamillah,Salle,sn9731,Nicholas,Saunders,Technology Management,Food & Agriculture,899-601-6072,669-649-7674,Organization,
2019-08-11,as6736,Athena,Shea,hb3765,Brad,Henderson,Human Capital Management,Geospatial/Mapping,819-201-4344,323-443-5956,Critical Thinking,
2016-10-25,cd3680,Cariotta,De Vaar,bs8134,Sebastian,Bayliss,Bioethics,Geospatial/Mapping,264-949-6091,333-428-8165,Contract Negotiation,
2022-06-11,bc4712,Bettye,Cristofari,gn8809,Nina,Goldsmith,Wealth Management,Housing/Real Estate,689-267-4619,477-138-8514,Decision Making,
2020-10-29,et8276,Esther,Tansly,hd8407,Domenic,Howard,Narrative Medicine,Governance,512-880-0798,,Self Motivation,
2018-12-30,am3279,Alessandro,Middler,fa3056,Allison,Farrow,Human Capital Management,Food & Agriculture,208-134-1450,482-883-8167,Lead Qualification,
2015-03-05,am8272,Aloysius,McWhannel,bj7054,Jackeline,Brown,Insurance Management,Housing/Real Estate,134-532-3258,181-403-1838,Product Knowledge,
2017-09-03,kg4100,Kim,Goodbairn,ss1224,Sharon,Simmons,Information Knowledge Strategy,Data/Technology,910-252-8326,,Product Knowledge,R
2017-05-06,jc1829,Jasmine,Colls,pl5399,Logan,Price,Applied Analytics,Finance & Investment,294-879-8447,874-429-3715,Welcoming Visitors,Java
2021-10-16,tk8377,Talyah,Kaveney,lt2316,Tom,Larkin,Wealth Management,Transportation,940-809-6751,,Leadership,
2021-08-19,pe1121,Pavlov,Eburah,hd4260,Danny,Hale,Sustainability Science,Healthcare,916-934-9218,748-555-1548,Office Equipment,
2015-11-04,fb6421,Farley,Blessed,gn8809,Nina,Goldsmith,Wealth Management,Housing/Real Estate,689-267-4619,477-138-8514,Decision Making,
2020-08-12,cb5346,Cheston,Bearward,hj7691,Judith,Hopkins,Sustainability Management,Food & Agriculture,184-142-6248,,Product Knowledge,
2019-12-11,wc5369,Wilmette,Creboe,hm7100,Mary,Harrington,Enterprise Risk Management,Media,946-878-9892,,Empathy,
2016-10-29,ne8282,Northrop,Eldritt,ed4359,Danielle,Ebden,Negotiation and Conflict Resolution,Media,560-820-6585,,Problem Solving,
2019-02-13,ss2982,Stephenie,Setch,kr2301,Rachael,Khan,Bioethics,Research & Consulting,768-317-1146,,Data Entry,
2018-12-07,ad5095,Alysa,Donet,ha7255,Alessandra,Harper,Sustainability Management,Housing/Real Estate,355-178-2781,,Customer Service,
2017-06-22,cm3960,Chauncey,Magner,kr2301,Rachael,Khan,Bioethics,Research & Consulting,768-317-1146,,Data Entry,
2015-05-13,hf4514,Howard,Fassbender,wp4003,Peter,Walsh,Actuarial Science,Lifestyle & Consumer,168-303-3179,,Negotiation,
2019-01-02,gg4115,Gauthier,Goodright,ds6909,Samantha,Dickson,Insurance Management,Environment & Weather,141-526-9524,734-504-9475,Product Knowledge,
2022-05-17,pr6065,Paule,Rappoport,fa3056,Allison,Farrow,Human Capital Management,Food & Agriculture,208-134-1450,482-883-8167,Lead Qualification,
2014-11-26,aw7552,Alvinia,Witherby,lt9962,Taylor,Little,Narrative Medicine,Healthcare,326-248-3687,,Self Motivation,
2019-04-04,cs4092,Cristin,Spandley,wp4003,Peter,Walsh,Actuarial Science,Lifestyle & Consumer,168-303-3179,,Negotiation,
2016-06-14,mc2167,Myriam,Commander,eo6439,Oliver,Edwards,Sports Management,Media,643-753-4622,,Negotiation,
2017-09-19,ss2421,Sophi,Stanton,eo6439,Oliver,Edwards,Sports Management,Media,643-753-4622,,Negotiation,
2021-02-22,dg5482,Dreddy,Gowling,hd4260,Danny,Hale,Sustainability Science,Healthcare,916-934-9218,748-555-1548,Office Equipment,
2016-06-05,as7799,Ansley,Silly,ci8168,Ilona,Callan,Narrative Medicine,Housing/Real Estate,592-368-1269,293-824-4883,Office Equipment,
2018-08-08,cg9050,Carey,Glandon,vt1529,Teagan,Villiger,Human Capital Management,Data/Technology,916-795-1144,533-746-4116,Communication,Machine Learning
2018-02-20,bh3005,Bing,Hounsom,al4878,Leroy,Aldridge,Human Capital Management,Education,309-481-2568,,Organization,
2015-01-09,ks4901,Kamila,Sinnock,hj7691,Judith,Hopkins,Sustainability Management,Food & Agriculture,184-142-6248,,Product Knowledge,
2016-06-11,bd4421,Berkie,Doutch,bj7054,Jackeline,Brown,Insurance Management,Housing/Real Estate,134-532-3258,181-403-1838,Product Knowledge,
2021-12-12,ts4222,Trey,Stranaghan,tm2646,Maia,Taylor,Sustainability Science,Finance & Investment,577-947-3418,,Accounting,
2020-03-31,gc9826,Garnet,Ceresa,le5799,Elle,Long,Sustainability Management,Research & Consulting,713-952-0376,,Office Equipment,
2016-01-09,gu4591,Gaultiero,Ulrik,bj7054,Jackeline,Brown,Insurance Management,Housing/Real Estate,134-532-3258,181-403-1838,Product Knowledge,
2022-05-15,fd4197,Findley,De Francesco,ds9033,Sofia,Dale,Wealth Management,Transportation,808-174-2639,,Data Entry,
2017-10-09,ee4189,Eugenio,Edelman,hj7691,Judith,Hopkins,Sustainability Management,Food & Agriculture,184-142-6248,,Product Knowledge,
2018-08-11,ec6169,Estell,Conniam,sn9731,Nicholas,Saunders,Technology Management,Food & Agriculture,899-601-6072,669-649-7674,Organization,
2022-04-25,mf5938,Montgomery,Faunt,va8834,Adalind,Vass,Narrative Medicine,Education,231-989-5471,,Office Equipment,
2018-09-26,td3781,Tori,Dan,vt1529,Teagan,Villiger,Human Capital Management,Data/Technology,916-795-1144,533-746-4116,Communication,Machine Learning
2019-10-13,ib3297,Isidoro,Blackleech,vb7977,Belinda,Vaughn,Actuarial Science,Aerospace and Defense,253-274-7609,147-736-9608,Shipping,
2014-06-11,jc2837,Justus,Caren,ss1224,Sharon,Simmons,Information Knowledge Strategy,Data/Technology,910-252-8326,,Product Knowledge,R
2021-07-01,jw6434,Johnathan,Woods,le5799,Elle,Long,Sustainability Management,Research & Consulting,713-952-0376,,Office Equipment,
2017-01-02,at7424,Alla,Terrell,wp4003,Peter,Walsh,Actuarial Science,Lifestyle & Consumer,168-303-3179,,Negotiation,
2021-01-06,al1945,Albertine,Lancett,vt1529,Teagan,Villiger,Human Capital Management,Data/Technology,916-795-1144,533-746-4116,Communication,Machine Learning
2020-06-10,cc8952,Carlo,Cabena,sn9731,Nicholas,Saunders,Technology Management,Food & Agriculture,899-601-6072,669-649-7674,Organization,
2021-02-12,am9625,Arabella,Miquelet,ha7255,Alessandra,Harper,Sustainability Management,Housing/Real Estate,355-178-2781,,Customer Service,
2020-07-25,jk4622,Jerrylee,Kaesmakers,dm8372,Maddison,Dickson,Sustainability Management,Lifestyle & Consumer,935-171-1800,393-839-8956,Scheduling,
2016-10-05,fd8837,Ferrel,Dewett,pl5399,Logan,Price,Applied Analytics,Finance & Investment,294-879-8447,874-429-3715,Welcoming Visitors,Java
2021-03-10,lt9141,Lavinie,Ticic,oe7927,Emma,Oliver,Bioethics,Governance,821-189-3311,,Management,
2018-07-14,cd8702,Carlita,Davidowich,vh5628,Harry,Ventura,Sports Management,Governance,919-214-9720,911-105-5872,Negotiation,
2015-12-06,fy1621,Foster,Yaakov,bj7054,Jackeline,Brown,Insurance Management,Housing/Real Estate,134-532-3258,181-403-1838,Product Knowledge,
2017-09-18,ml4094,Muriel,Lavelle,lh6514,Harvey,Lynch,Negotiation and Conflict Resolution,Transportation,387-170-5980,,Data Entry,
2020-07-24,pj2704,Philip,Juares,jr7218,Rosalyn,Johnson,Sustainability Management,Finance & Investment,765-767-4252,,Lead Qualification,
2016-10-25,cd3680,Cariotta,De Vaar,ha7255,Alessandra,Harper,Sustainability Management,Housing/Real Estate,355-178-2781,,Customer Service,
2019-02-05,pm5617,Padriac,McMeekan,hd8407,Domenic,Howard,Narrative Medicine,Governance,512-880-0798,,Self Motivation,
2021-10-14,ko4589,Kingsly,Offen,va8834,Adalind,Vass,Narrative Medicine,Education,231-989-5471,,Office Equipment,
2016-12-15,nd6162,Nanine,Devereu,lt9962,Taylor,Little,Narrative Medicine,Healthcare,326-248-3687,,Self Motivation,
2018-05-23,dw4556,Dory,Woodrooffe,ha7255,Alessandra,Harper,Sustainability Management,Housing/Real Estate,355-178-2781,,Customer Service,
2019-04-18,tm1718,Tabitha,Muneely,sn9731,Nicholas,Saunders,Technology Management,Food & Agriculture,899-601-6072,669-649-7674,Organization,
2017-01-27,dt2731,Dario,Toogood,al4878,Leroy,Aldridge,Human Capital Management,Education,309-481-2568,,Organization,
2018-07-08,hl1610,Hastings,Lowings,ha7255,Alessandra,Harper,Sustainability Management,Housing/Real Estate,355-178-2781,,Customer Service,
2017-08-31,me1073,Masha,Esby,aa6055,Aeris,Avery,Construction Administration,Food & Agriculture,331-264-5999,,Contract Negotiation,
2014-10-19,je2896,Jacky,Ettritch,sm6371,Marilyn,Slater,Wealth Management,Business & Legal Services,458-406-0172,,Negotiation,
2021-10-13,rs1079,Rube,Sailor,gn8809,Nina,Goldsmith,Wealth Management,Housing/Real Estate,689-267-4619,477-138-8514,Decision Making,
2021-01-14,lf4078,Leslie,Fanton,ha7255,Alessandra,Harper,Sustainability Management,Housing/Real Estate,355-178-2781,,Customer Service,
2018-08-16,ph6551,Perkin,Hefforde,bs8134,Sebastian,Bayliss,Bioethics,Geospatial/Mapping,264-949-6091,333-428-8165,Contract Negotiation,
2015-10-19,rb2128,Rivkah,Bruhnicke,le5799,Elle,Long,Sustainability Management,Research & Consulting,713-952-0376,,Office Equipment,
2017-05-06,jc1829,Jasmine,Colls,lt2316,Tom,Larkin,Wealth Management,Transportation,940-809-6751,,Leadership,
2020-01-07,bs8708,Barny,Surtees,vb7977,Belinda,Vaughn,Actuarial Science,Aerospace and Defense,253-274-7609,147-736-9608,Shipping,
2020-02-11,kw1833,Kristofer,Witton,dm8372,Maddison,Dickson,Sustainability Management,Lifestyle & Consumer,935-171-1800,393-839-8956,Scheduling,
2019-10-27,jk7773,Jolyn,Kinneir,hd4260,Danny,Hale,Sustainability Science,Healthcare,916-934-9218,748-555-1548,Office Equipment,
2019-01-11,eb3200,Emory,Beckley,ar9429,Renee,Abbey,Insurance Management,,464-190-7307,,Salesforce,
2015-09-13,lw7546,Leonie,Willacot,ar9429,Renee,Abbey,Insurance Management,,464-190-7307,,Salesforce,
2020-11-27,og2535,Obadiah,Gribbin,mb6076,Bryon,Mason,Wealth Management,Education,517-338-4892,,Customer Needs Analysis,
2015-06-20,gr2632,Gwenny,Robion,pe4593,Elise,Patel,Construction Administration,Governance,240-849-6971,,Accounting,
2020-10-21,pw7347,Prue,Wickman,bs8134,Sebastian,Bayliss,Bioethics,Geospatial/Mapping,264-949-6091,333-428-8165,Contract Negotiation,
2017-09-29,bw9557,Bing,Whitworth,fa3056,Allison,Farrow,Human Capital Management,Food & Agriculture,208-134-1450,482-883-8167,Lead Qualification,
2019-08-07,bl9576,Baxter,Lacoste,hj7691,Judith,Hopkins,Sustainability Management,Food & Agriculture,184-142-6248,,Product Knowledge,
2015-06-01,ps4191,Patti,Senchenko,lh6514,Harvey,Lynch,Negotiation and Conflict Resolution,Transportation,387-170-5980,,Data Entry,
2019-05-29,kf3140,Kacey,Fretson,le5799,Elle,Long,Sustainability Management,Research & Consulting,713-952-0376,,Office Equipment,
2021-08-10,gh2002,Gabriell,Heustace,ml5050,Logan,Myatt,Human Capital Management,Energy,714-714-1716,,Welcoming Visitors,
2021-09-29,rk3664,Reece,Koubu,mb6076,Bryon,Mason,Wealth Management,Education,517-338-4892,,Customer Needs Analysis,
2021-01-14,gp8468,Graham,Presley,le5799,Elle,Long,Sustainability Management,Research & Consulting,713-952-0376,,Office Equipment,
2016-08-05,er3716,Erin,Roalfe,fp5332,Percy,Freeburn,Nonprofit Management,Data/Technology,563-436-4623,307-656-9136,Referral Marketing,STATA
2017-11-19,wd3720,Wilhelmine,Diggle,ao3786,Owen,Abbot,Information Knowledge Strategy,Energy,408-678-0738,,Lead Qualification,
2020-12-22,fd6835,Franklin,Dalliston,nk7657,Kurt,Neal,Information Knowledge Strategy,Environment & Weather,905-951-5322,,Scheduling,
2015-01-18,bp1358,Brewer,Pimme,vb7977,Belinda,Vaughn,Actuarial Science,Aerospace and Defense,253-274-7609,147-736-9608,Shipping,
2021-03-25,ks5694,Kassandra,Sweeten,lt2316,Tom,Larkin,Wealth Management,Transportation,940-809-6751,,Leadership,
2015-01-29,mb4567,Maurita,Batstone,kr2301,Rachael,Khan,Bioethics,Research & Consulting,768-317-1146,,Data Entry,
2016-09-04,ol1649,Osgood,Luker,hm7100,Mary,Harrington,Enterprise Risk Management,Media,946-878-9892,,Empathy,
2019-11-22,es5924,Ennis,Squires,ml5050,Logan,Myatt,Human Capital Management,Energy,714-714-1716,,Welcoming Visitors,
2017-07-15,jm9051,Jaye,Maleham,rc7076,Chadwick,Rossi,Negotiation and Conflict Resolution,,884-799-1563,,Microsoft Offices,
2019-02-03,pg9166,Pen,Gownge,tj8264,John,Thorne,Sustainability Management,Governance,877-204-6276,484-930-2160,Billing,
2017-12-13,is2604,Ingelbert,Shute,va8834,Adalind,Vass,Narrative Medicine,Education,231-989-5471,,Office Equipment,
2021-02-13,td3127,Timofei,Dragon,hm7100,Mary,Harrington,Enterprise Risk Management,Media,946-878-9892,,Empathy,
2019-09-13,cd3551,Cissiee,Downie,ae4475,Eve,Alldridge,Wealth Management,Insurance,268-136-1630,,Lead Prospecting ,
2017-05-16,rm8963,Roxane,MacAndrew,hb3765,Brad,Henderson,Human Capital Management,Geospatial/Mapping,819-201-4344,323-443-5956,Critical Thinking,
2018-09-19,iw5189,Ileane,Woodsford,ar9429,Renee,Abbey,Insurance Management,,464-190-7307,,Salesforce,
2021-04-27,ab2791,Ardelis,Braikenridge,fh6385,Helen,Foxley,Bioethics,Research & Consulting,244-174-3136,,Management,
2020-04-19,td6442,Theodore,Duinbleton,kr2301,Rachael,Khan,Bioethics,Research & Consulting,768-317-1146,,Data Entry,
2018-08-14,kg1021,Kelwin,Guthrum,bj7054,Jackeline,Brown,Insurance Management,Housing/Real Estate,134-532-3258,181-403-1838,Product Knowledge,
2016-04-14,le6070,Loreen,Ennals,wp4003,Peter,Walsh,Actuarial Science,Lifestyle & Consumer,168-303-3179,,Negotiation,
2021-01-26,es3247,Elizabeth,Sheehan,ci8168,Ilona,Callan,Narrative Medicine,Housing/Real Estate,592-368-1269,293-824-4883,Office Equipment,
2020-07-09,aw4113,Alick,Wethered,eo6439,Oliver,Edwards,Sports Management,Media,643-753-4622,,Negotiation,
2016-02-06,ig2465,Ingelbert,Greave,vb7977,Belinda,Vaughn,Actuarial Science,Aerospace and Defense,253-274-7609,147-736-9608,Shipping,
2020-07-15,cc7468,Celia,Craythorn,ao3786,Owen,Abbot,Information Knowledge Strategy,Energy,408-678-0738,,Lead Qualification,
2019-01-14,mn6859,Maybelle,Notti,ml5050,Logan,Myatt,Human Capital Management,Energy,714-714-1716,,Welcoming Visitors,
2020-04-18,jd8700,Johann,Diemer,le5799,Elle,Long,Sustainability Management,Research & Consulting,713-952-0376,,Office Equipment,
2020-02-05,pv6010,Preston,Veque,fa3056,Allison,Farrow,Human Capital Management,Food & Agriculture,208-134-1450,482-883-8167,Lead Qualification,
2019-09-12,am2714,Ailbert,MacGillacolm,ed4359,Danielle,Ebden,Negotiation and Conflict Resolution,Media,560-820-6585,,Problem Solving,
2019-09-19,md1702,Myrlene,Deakes,ds9033,Sofia,Dale,Wealth Management,Transportation,808-174-2639,,Data Entry,
2017-06-02,rs4218,Reuben,Stainer,lt2316,Tom,Larkin,Wealth Management,Transportation,940-809-6751,,Leadership,
2020-11-13,hu4048,Hildy,Uppett,al4878,Leroy,Aldridge,Human Capital Management,Education,309-481-2568,,Organization,
2015-12-26,jm5268,Jeremy,MacAlester,ar9429,Renee,Abbey,Insurance Management,,464-190-7307,,Salesforce,
2018-04-03,lk4353,Lev,Kendal,tm2646,Maia,Taylor,Sustainability Science,Finance & Investment,577-947-3418,,Accounting,
2019-05-22,dp1899,Deny,Pentycross,bj7054,Jackeline,Brown,Insurance Management,Housing/Real Estate,134-532-3258,181-403-1838,Product Knowledge,
2014-08-29,vc1713,Valaria,Corey,hm7100,Mary,Harrington,Enterprise Risk Management,Media,946-878-9892,,Empathy,
2022-01-26,gb9448,Giselle,Bedboro,lt2316,Tom,Larkin,Wealth Management,Transportation,940-809-6751,,Leadership,
2015-12-07,lg8546,Livy,Gheorghie,ed4359,Danielle,Ebden,Negotiation and Conflict Resolution,Media,560-820-6585,,Problem Solving,
2018-04-11,ne4057,Noami,Essel,kr2301,Rachael,Khan,Bioethics,Research & Consulting,768-317-1146,,Data Entry,
2015-12-26,jm5268,Jeremy,MacAlester,fp5332,Percy,Freeburn,Nonprofit Management,Data/Technology,563-436-4623,307-656-9136,Referral Marketing,STATA
2022-05-03,as7328,Allyce,Squibbes,hd8407,Domenic,Howard,Narrative Medicine,Governance,512-880-0798,,Self Motivation,
2015-08-08,yg2691,Yorgo,Gale,hd4260,Danny,Hale,Sustainability Science,Healthcare,916-934-9218,748-555-1548,Office Equipment,
2017-05-28,dd5033,Darrin,Dundin,vh5628,Harry,Ventura,Sports Management,Governance,919-214-9720,911-105-5872,Negotiation,
2017-08-22,ac7306,Auguste,Coare,lt2316,Tom,Larkin,Wealth Management,Transportation,940-809-6751,,Leadership,
2016-01-31,jw9666,Jacynth,Wellan,pe4593,Elise,Patel,Construction Administration,Governance,240-849-6971,,Accounting,
2016-07-28,gj1080,Germain,Jeandot,va8834,Adalind,Vass,Narrative Medicine,Education,231-989-5471,,Office Equipment,
2021-07-01,jw6434,Johnathan,Woods,cr8605,Rosie,Cunningham,Human Capital Management,Media,750-933-3580,141-652-9789,Negotiation,
2017-06-22,cm3960,Chauncey,Magner,aa6055,Aeris,Avery,Construction Administration,Food & Agriculture,331-264-5999,,Contract Negotiation,
2020-02-11,ma3296,Mata,Agius,lh6514,Harvey,Lynch,Negotiation and Conflict Resolution,Transportation,387-170-5980,,Data Entry,
2016-03-22,vh6932,Vittoria,Hannay,mb6076,Bryon,Mason,Wealth Management,Education,517-338-4892,,Customer Needs Analysis,
2014-10-19,je2896,Jacky,Ettritch,ds6909,Samantha,Dickson,Insurance Management,Environment & Weather,141-526-9524,734-504-9475,Product Knowledge,
2021-05-06,jc8518,Jackelyn,Conyard,fh6385,Helen,Foxley,Bioethics,Research & Consulting,244-174-3136,,Management,
2017-06-02,rs4218,Reuben,Stainer,sh2861,Helen,Stanley,Actuarial Science,Environment & Weather,248-534-0302,941-767-1087,Lead Prospecting ,
2017-03-11,dc4254,Dru,Caldecott,sh2861,Helen,Stanley,Actuarial Science,Environment & Weather,248-534-0302,941-767-1087,Lead Prospecting ,
2021-03-07,ib7659,Isidore,Brunone,rc7076,Chadwick,Rossi,Negotiation and Conflict Resolution,,884-799-1563,,Microsoft Offices,
2021-02-06,dm1568,Dunc,Murrigans,hd4260,Danny,Hale,Sustainability Science,Healthcare,916-934-9218,748-555-1548,Office Equipment,
2019-07-19,pp9107,Petronilla,Pasfield,wp4003,Peter,Walsh,Actuarial Science,Lifestyle & Consumer,168-303-3179,,Negotiation,
2020-06-10,cc8952,Carlo,Cabena,ed4359,Danielle,Ebden,Negotiation and Conflict Resolution,Media,560-820-6585,,Problem Solving,
2019-01-20,fm9802,Fredek,Murdy,ml5050,Logan,Myatt,Human Capital Management,Energy,714-714-1716,,Welcoming Visitors,
2017-04-23,tb7316,Tawsha,Bonar,kr2301,Rachael,Khan,Bioethics,Research & Consulting,768-317-1146,,Data Entry,
2018-08-16,lh1320,Leanora,Hagart,hb3765,Brad,Henderson,Human Capital Management,Geospatial/Mapping,819-201-4344,323-443-5956,Critical Thinking,
2022-03-27,cd4161,Coralie,Diego,ed4359,Danielle,Ebden,Negotiation and Conflict Resolution,Media,560-820-6585,,Problem Solving,
2014-10-19,je2896,Jacky,Ettritch,vb7977,Belinda,Vaughn,Actuarial Science,Aerospace and Defense,253-274-7609,147-736-9608,Shipping,
2019-08-18,cn8465,Cicily,Newling,fp5332,Percy,Freeburn,Nonprofit Management,Data/Technology,563-436-4623,307-656-9136,Referral Marketing,STATA
2016-08-05,mm9430,Mart,McClunaghan,pl5399,Logan,Price,Applied Analytics,Finance & Investment,294-879-8447,874-429-3715,Welcoming Visitors,Java
2017-07-22,rm1683,Rosanna,McElroy,cr8605,Rosie,Cunningham,Human Capital Management,Media,750-933-3580,141-652-9789,Negotiation,
2017-11-30,wm9692,Winnie,McCloughen,eo6439,Oliver,Edwards,Sports Management,Media,643-753-4622,,Negotiation,
2019-08-31,bi6212,Brock,Ivchenko,oe7927,Emma,Oliver,Bioethics,Governance,821-189-3311,,Management,
2019-02-23,pg2386,Pietrek,Gambie,sm6371,Marilyn,Slater,Wealth Management,Business & Legal Services,458-406-0172,,Negotiation,
2015-06-17,ab7734,Arnie,Bengoechea,aa6055,Aeris,Avery,Construction Administration,Food & Agriculture,331-264-5999,,Contract Negotiation,
2019-03-12,fb1456,Free,Bursnoll,fj1320,Jacob,Forth,Negotiation and Conflict Resolution,Healthcare,515-926-0819,651-494-2587,Creativity,
2020-02-13,kn1273,Karola,Niesing,hj7691,Judith,Hopkins,Sustainability Management,Food & Agriculture,184-142-6248,,Product Knowledge,
2016-07-01,ma5424,Melisse,Alwen,ml5050,Logan,Myatt,Human Capital Management,Energy,714-714-1716,,Welcoming Visitors,
2016-01-09,es2379,Eileen,Shakespeare,pe4593,Elise,Patel,Construction Administration,Governance,240-849-6971,,Accounting,
2018-05-01,rf2250,Ryon,Fannin,mb6076,Bryon,Mason,Wealth Management,Education,517-338-4892,,Customer Needs Analysis,
2018-10-12,mr9226,Mavis,Romanski,hb3765,Brad,Henderson,Human Capital Management,Geospatial/Mapping,819-201-4344,323-443-5956,Critical Thinking,
2016-01-31,jw9666,Jacynth,Wellan,vb7977,Belinda,Vaughn,Actuarial Science,Aerospace and Defense,253-274-7609,147-736-9608,Shipping,
2014-07-17,jy8726,Johnna,Yuranovev,aa6055,Aeris,Avery,Construction Administration,Food & Agriculture,331-264-5999,,Contract Negotiation,
2020-12-16,mc5672,Milly,Coats,kr2301,Rachael,Khan,Bioethics,Research & Consulting,768-317-1146,,Data Entry,
2019-03-12,pc1990,Paloma,Carrick,fj1320,Jacob,Forth,Negotiation and Conflict Resolution,Healthcare,515-926-0819,651-494-2587,Creativity,
2015-01-02,he5574,Hercules,Earpe,ae4475,Eve,Alldridge,Wealth Management,Insurance,268-136-1630,,Lead Prospecting ,
2020-09-06,jh4892,James,Heitz,kr2301,Rachael,Khan,Bioethics,Research & Consulting,768-317-1146,,Data Entry,
2016-02-12,pm6312,Pascal,McAuslan,rc7076,Chadwick,Rossi,Negotiation and Conflict Resolution,,884-799-1563,,Microsoft Offices,
2016-04-08,ls2403,Lilia,Stannis,fh6385,Helen,Foxley,Bioethics,Research & Consulting,244-174-3136,,Management,
2015-10-20,pb2765,Pall,Blankau,bj7054,Jackeline,Brown,Insurance Management,Housing/Real Estate,134-532-3258,181-403-1838,Product Knowledge,
2016-08-26,mp1077,Martelle,Paulillo,tm2646,Maia,Taylor,Sustainability Science,Finance & Investment,577-947-3418,,Accounting,
2019-07-11,ak6805,Andriana,Kloser,bj7054,Jackeline,Brown,Insurance Management,Housing/Real Estate,134-532-3258,181-403-1838,Product Knowledge,
2016-04-10,cd3072,Clarey,Demare,oe7927,Emma,Oliver,Bioethics,Governance,821-189-3311,,Management,
2020-06-15,bl1780,Bobine,Linnemann,eo6439,Oliver,Edwards,Sports Management,Media,643-753-4622,,Negotiation,
2016-07-25,br1353,Boot,Rennocks,hd4260,Danny,Hale,Sustainability Science,Healthcare,916-934-9218,748-555-1548,Office Equipment,
2018-07-14,cd8702,Carlita,Davidowich,ss1224,Sharon,Simmons,Information Knowledge Strategy,Data/Technology,910-252-8326,,Product Knowledge,R
2018-08-22,kk4380,Keary,Killik,wp4003,Peter,Walsh,Actuarial Science,Lifestyle & Consumer,168-303-3179,,Negotiation,
2016-08-26,mp1077,Martelle,Paulillo,ds9033,Sofia,Dale,Wealth Management,Transportation,808-174-2639,,Data Entry,
2017-03-02,cb9723,Calv,Brownstein,bs8134,Sebastian,Bayliss,Bioethics,Geospatial/Mapping,264-949-6091,333-428-8165,Contract Negotiation,
2017-08-30,lb9175,Leonie,Bolin,lt2316,Tom,Larkin,Wealth Management,Transportation,940-809-6751,,Leadership,
2016-02-11,gb2395,Garth,Brilon,ar9429,Renee,Abbey,Insurance Management,,464-190-7307,,Salesforce,
2020-04-23,vp8113,Viviyan,Polglaze,aa6055,Aeris,Avery,Construction Administration,Food & Agriculture,331-264-5999,,Contract Negotiation,
2020-12-18,ia1498,Ingmar,Abelevitz,le5799,Elle,Long,Sustainability Management,Research & Consulting,713-952-0376,,Office Equipment,
2016-08-12,ht2225,Hali,Teliga,hd8407,Domenic,Howard,Narrative Medicine,Governance,512-880-0798,,Self Motivation,
2016-08-05,ld9461,Lora,Danielczyk,tm2646,Maia,Taylor,Sustainability Science,Finance & Investment,577-947-3418,,Accounting,
2020-02-13,kn1273,Karola,Niesing,aa6055,Aeris,Avery,Construction Administration,Food & Agriculture,331-264-5999,,Contract Negotiation,
2019-05-22,dp1899,Deny,Pentycross,hm7100,Mary,Harrington,Enterprise Risk Management,Media,946-878-9892,,Empathy,
2019-11-12,sw3803,Sandra,Wilfling,wp4003,Peter,Walsh,Actuarial Science,Lifestyle & Consumer,168-303-3179,,Negotiation,
2019-08-15,ab5741,Aimee,Bauser,tj8264,John,Thorne,Sustainability Management,Governance,877-204-6276,484-930-2160,Billing,
2018-08-19,jd7256,Jonie,Didsbury,cr8605,Rosie,Cunningham,Human Capital Management,Media,750-933-3580,141-652-9789,Negotiation,
2018-03-30,tg3809,Timothea,Gibbard,bs8134,Sebastian,Bayliss,Bioethics,Geospatial/Mapping,264-949-6091,333-428-8165,Contract Negotiation,
2019-12-11,rf7418,Rhody,Forster,ds6909,Samantha,Dickson,Insurance Management,Environment & Weather,141-526-9524,734-504-9475,Product Knowledge,
2021-02-10,pl1300,Phebe,Leeburne,ha7255,Alessandra,Harper,Sustainability Management,Housing/Real Estate,355-178-2781,,Customer Service,
2015-08-08,yg2691,Yorgo,Gale,vb7977,Belinda,Vaughn,Actuarial Science,Aerospace and Defense,253-274-7609,147-736-9608,Shipping,
2018-03-20,fb6278,Forrester,Bygraves,rc7076,Chadwick,Rossi,Negotiation and Conflict Resolution,,884-799-1563,,Microsoft Offices,
2021-11-09,rn3959,Reynold,Nolleau,fa3056,Allison,Farrow,Human Capital Management,Food & Agriculture,208-134-1450,482-883-8167,Lead Qualification,
2018-07-05,rc7465,Ralina,Caistor,le5799,Elle,Long,Sustainability Management,Research & Consulting,713-952-0376,,Office Equipment,
2020-03-31,gc9826,Garnet,Ceresa,bs8134,Sebastian,Bayliss,Bioethics,Geospatial/Mapping,264-949-6091,333-428-8165,Contract Negotiation,
2020-12-12,rt5639,Ruttger,Tabram,hj7691,Judith,Hopkins,Sustainability Management,Food & Agriculture,184-142-6248,,Product Knowledge,
2019-07-17,pv1762,Panchito,Vost,jr7218,Rosalyn,Johnson,Sustainability Management,Finance & Investment,765-767-4252,,Lead Qualification,
2019-03-14,mg7827,Morena,Goracci,dm8372,Maddison,Dickson,Sustainability Management,Lifestyle & Consumer,935-171-1800,393-839-8956,Scheduling,
2018-08-16,nm3403,Nikolas,MacCallion,va8834,Adalind,Vass,Narrative Medicine,Education,231-989-5471,,Office Equipment,
2017-10-05,pn1138,Patrizio,Novichenko,sm3807,Mya,Stewart,Construction Administration,Governance,214-712-8023,343-159-1311,Accounting,
2019-05-23,jd1474,Jarrid,Dyet,nk7657,Kurt,Neal,Information Knowledge Strategy,Environment & Weather,905-951-5322,,Scheduling,
2019-07-02,ct1087,Cristian,Tiuit,wp4003,Peter,Walsh,Actuarial Science,Lifestyle & Consumer,168-303-3179,,Negotiation,
2020-07-09,gz6629,Gerta,Zieme,hd4260,Danny,Hale,Sustainability Science,Healthcare,916-934-9218,748-555-1548,Office Equipment,
2021-07-07,gc9116,Glen,Churchin,pe4593,Elise,Patel,Construction Administration,Governance,240-849-6971,,Accounting,
2021-03-12,nl4174,Noella,Litt,rc7076,Chadwick,Rossi,Negotiation and Conflict Resolution,,884-799-1563,,Microsoft Offices,
2020-04-19,bf5294,Brooke,Flemmich,pe4593,Elise,Patel,Construction Administration,Governance,240-849-6971,,Accounting,
2016-02-22,ah5912,Ashlen,Humburton,ha7255,Alessandra,Harper,Sustainability Management,Housing/Real Estate,355-178-2781,,Customer Service,
2016-09-04,ol1649,Osgood,Luker,fp5332,Percy,Freeburn,Nonprofit Management,Data/Technology,563-436-4623,307-656-9136,Referral Marketing,STATA
2019-07-03,av7899,Arnie,von Grollmann,hd4260,Danny,Hale,Sustainability Science,Healthcare,916-934-9218,748-555-1548,Office Equipment,
2020-07-15,cc7468,Celia,Craythorn,gn8809,Nina,Goldsmith,Wealth Management,Housing/Real Estate,689-267-4619,477-138-8514,Decision Making,
2017-11-04,kp2750,Kennett,Purseglove,eo6439,Oliver,Edwards,Sports Management,Media,643-753-4622,,Negotiation,
2020-03-08,lp2171,Louis,Planke,dm8372,Maddison,Dickson,Sustainability Management,Lifestyle & Consumer,935-171-1800,393-839-8956,Scheduling,
2017-11-28,md3255,Martin,Dorrian,rc7076,Chadwick,Rossi,Negotiation and Conflict Resolution,,884-799-1563,,Microsoft Offices,
2015-11-08,rl4633,Romeo,Ligoe,hm7100,Mary,Harrington,Enterprise Risk Management,Media,946-878-9892,,Empathy,
2015-08-05,cm7214,Clovis,Maciejewski,ss1224,Sharon,Simmons,Information Knowledge Strategy,Data/Technology,910-252-8326,,Product Knowledge,R
2015-10-12,js1828,Joella,Shelton,lh6514,Harvey,Lynch,Negotiation and Conflict Resolution,Transportation,387-170-5980,,Data Entry,
2018-06-07,ha7223,Hunfredo,Auton,ae4475,Eve,Alldridge,Wealth Management,Insurance,268-136-1630,,Lead Prospecting ,
2016-01-31,jw9666,Jacynth,Wellan,hd4260,Danny,Hale,Sustainability Science,Healthcare,916-934-9218,748-555-1548,Office Equipment,
2018-12-15,jl7308,Jerrine,Liebrecht,ss1224,Sharon,Simmons,Information Knowledge Strategy,Data/Technology,910-252-8326,,Product Knowledge,R
2020-12-16,mc5672,Milly,Coats,fa3056,Allison,Farrow,Human Capital Management,Food & Agriculture,208-134-1450,482-883-8167,Lead Qualification,
2019-12-21,gr3336,Gleda,Realy,ss1224,Sharon,Simmons,Information Knowledge Strategy,Data/Technology,910-252-8326,,Product Knowledge,R
2017-07-17,bb6061,Becca,Betterton,tj8264,John,Thorne,Sustainability Management,Governance,877-204-6276,484-930-2160,Billing,
2019-08-23,dl7353,Daloris,Linguard,fp5332,Percy,Freeburn,Nonprofit Management,Data/Technology,563-436-4623,307-656-9136,Referral Marketing,STATA
2019-03-21,ap3447,Ashley,Pettko,fa3056,Allison,Farrow,Human Capital Management,Food & Agriculture,208-134-1450,482-883-8167,Lead Qualification,
2018-06-08,ab8491,Ambrose,Brydell,pe4593,Elise,Patel,Construction Administration,Governance,240-849-6971,,Accounting,
2019-07-05,dv9880,Durante,Vedeniktov,ae4475,Eve,Alldridge,Wealth Management,Insurance,268-136-1630,,Lead Prospecting ,
2021-12-12,ts4222,Trey,Stranaghan,sh2861,Helen,Stanley,Actuarial Science,Environment & Weather,248-534-0302,941-767-1087,Lead Prospecting ,
2019-11-12,ch4255,Cindy,Hayworth,fa3056,Allison,Farrow,Human Capital Management,Food & Agriculture,208-134-1450,482-883-8167,Lead Qualification,
2017-12-10,mm2753,Marlene,Mccaull,ds9033,Sofia,Dale,Wealth Management,Transportation,808-174-2639,,Data Entry,
2014-11-26,aw7552,Alvinia,Witherby,ao3786,Owen,Abbot,Information Knowledge Strategy,Energy,408-678-0738,,Lead Qualification,
2021-02-10,pl1300,Phebe,Leeburne,hd4260,Danny,Hale,Sustainability Science,Healthcare,916-934-9218,748-555-1548,Office Equipment,
2016-04-08,ls2403,Lilia,Stannis,gn8809,Nina,Goldsmith,Wealth Management,Housing/Real Estate,689-267-4619,477-138-8514,Decision Making,
2020-04-19,bf5294,Brooke,Flemmich,fj1320,Jacob,Forth,Negotiation and Conflict Resolution,Healthcare,515-926-0819,651-494-2587,Creativity,
2021-12-03,hb5603,Hubert,Blaver,ao3786,Owen,Abbot,Information Knowledge Strategy,Energy,408-678-0738,,Lead Qualification,
2018-10-26,db2113,Dallas,Bonallack,ed4359,Danielle,Ebden,Negotiation and Conflict Resolution,Media,560-820-6585,,Problem Solving,
2018-07-21,ap1548,Aurelia,Peploe,hj7691,Judith,Hopkins,Sustainability Management,Food & Agriculture,184-142-6248,,Product Knowledge,
2018-10-01,ar5324,Abby,Rae,fj1320,Jacob,Forth,Negotiation and Conflict Resolution,Healthcare,515-926-0819,651-494-2587,Creativity,
2016-02-05,dg9792,Dyann,Grier,oe7927,Emma,Oliver,Bioethics,Governance,821-189-3311,,Management,
2017-06-22,cm3960,Chauncey,Magner,va8834,Adalind,Vass,Narrative Medicine,Education,231-989-5471,,Office Equipment,
2018-06-08,ab8491,Ambrose,Brydell,ds6909,Samantha,Dickson,Insurance Management,Environment & Weather,141-526-9524,734-504-9475,Product Knowledge,
2014-10-21,dy6775,Donnajean,Yurshev,hd8407,Domenic,Howard,Narrative Medicine,Governance,512-880-0798,,Self Motivation,
2016-04-08,dn9940,Diahann,Nalder,cr8605,Rosie,Cunningham,Human Capital Management,Media,750-933-3580,141-652-9789,Negotiation,
2022-04-02,by5205,Brnaby,Yellep,vb7977,Belinda,Vaughn,Actuarial Science,Aerospace and Defense,253-274-7609,147-736-9608,Shipping,
2019-08-12,am4646,Anstice,Marston,ao3786,Owen,Abbot,Information Knowledge Strategy,Energy,408-678-0738,,Lead Qualification,
2019-12-01,ac4142,Aguistin,Coxon,nk7657,Kurt,Neal,Information Knowledge Strategy,Environment & Weather,905-951-5322,,Scheduling,
2015-11-10,aw6309,Aylmar,Wallwork,ao3786,Owen,Abbot,Information Knowledge Strategy,Energy,408-678-0738,,Lead Qualification,
2019-06-24,gl1533,Goldarina,Lassen,le5799,Elle,Long,Sustainability Management,Research & Consulting,713-952-0376,,Office Equipment,
2020-11-02,ht1897,Hubie,Turnpenny,fj1320,Jacob,Forth,Negotiation and Conflict Resolution,Healthcare,515-926-0819,651-494-2587,Creativity,
2020-02-11,ma3296,Mata,Agius,tj8264,John,Thorne,Sustainability Management,Governance,877-204-6276,484-930-2160,Billing,
2018-11-15,gp6391,Guillaume,Pendred,sm6371,Marilyn,Slater,Wealth Management,Business & Legal Services,458-406-0172,,Negotiation,
2020-02-28,ad5003,Auberta,Danjoie,oe7927,Emma,Oliver,Bioethics,Governance,821-189-3311,,Management,
2017-05-14,kd4383,Keir,Delafoy,lh6514,Harvey,Lynch,Negotiation and Conflict Resolution,Transportation,387-170-5980,,Data Entry,
2021-11-11,ac2336,Austina,Craig,ds9033,Sofia,Dale,Wealth Management,Transportation,808-174-2639,,Data Entry,
2021-01-17,tg5136,Tommy,Giacovazzo,eo6439,Oliver,Edwards,Sports Management,Media,643-753-4622,,Negotiation,
2019-06-16,lc8794,Layla,Calterone,sn9731,Nicholas,Saunders,Technology Management,Food & Agriculture,899-601-6072,669-649-7674,Organization,
2016-12-29,vd7931,Vivi,Dunlop,ae4475,Eve,Alldridge,Wealth Management,Insurance,268-136-1630,,Lead Prospecting ,
2018-07-14,cd8702,Carlita,Davidowich,kr2301,Rachael,Khan,Bioethics,Research & Consulting,768-317-1146,,Data Entry,
2017-12-30,tk2172,Tamqrah,Klain,ss1224,Sharon,Simmons,Information Knowledge Strategy,Data/Technology,910-252-8326,,Product Knowledge,R
2016-05-11,gm6959,Gregory,MacDiarmond,ha7255,Alessandra,Harper,Sustainability Management,Housing/Real Estate,355-178-2781,,Customer Service,
2018-09-17,gk4966,Giustina,Keener,hm7100,Mary,Harrington,Enterprise Risk Management,Media,946-878-9892,,Empathy,
2014-12-10,jp9032,Joni,Postians,rc7076,Chadwick,Rossi,Negotiation and Conflict Resolution,,884-799-1563,,Microsoft Offices,
2016-06-27,eb8926,Ezequiel,Brunsen,ha7255,Alessandra,Harper,Sustainability Management,Housing/Real Estate,355-178-2781,,Customer Service,
2014-06-07,kf4649,Karlotte,Feechan,sh2861,Helen,Stanley,Actuarial Science,Environment & Weather,248-534-0302,941-767-1087,Lead Prospecting ,
2020-01-03,ah1459,Annamarie,Handke,fa3056,Allison,Farrow,Human Capital Management,Food & Agriculture,208-134-1450,482-883-8167,Lead Qualification,
2019-09-08,dm5594,Dayna,Micklewright,ae4475,Eve,Alldridge,Wealth Management,Insurance,268-136-1630,,Lead Prospecting ,
2022-02-28,sp2374,Sophi,Pettie,lh6514,Harvey,Lynch,Negotiation and Conflict Resolution,Transportation,387-170-5980,,Data Entry,
2019-08-22,cc7380,Chen,Copping,bj7054,Jackeline,Brown,Insurance Management,Housing/Real Estate,134-532-3258,181-403-1838,Product Knowledge,
2016-08-31,eh8355,Esmeralda,Habin,fa3056,Allison,Farrow,Human Capital Management,Food & Agriculture,208-134-1450,482-883-8167,Lead Qualification,
2017-07-04,dc1253,Danielle,Conisbee,ss1224,Sharon,Simmons,Information Knowledge Strategy,Data/Technology,910-252-8326,,Product Knowledge,R
2022-01-21,aa4294,Anastassia,Akam,rc7076,Chadwick,Rossi,Negotiation and Conflict Resolution,,884-799-1563,,Microsoft Offices,
2017-05-29,tf5214,Toddy,Franke,aa6055,Aeris,Avery,Construction Administration,Food & Agriculture,331-264-5999,,Contract Negotiation,
2017-04-27,dd4523,Drusilla,Da Costa,oe7927,Emma,Oliver,Bioethics,Governance,821-189-3311,,Management,
2017-11-14,ly5500,Lance,Yusupov,le5799,Elle,Long,Sustainability Management,Research & Consulting,713-952-0376,,Office Equipment,
2016-08-22,mr1132,Max,Rosellini,lt2316,Tom,Larkin,Wealth Management,Transportation,940-809-6751,,Leadership,
2020-05-11,pr9969,Pippy,Ransbury,fp5332,Percy,Freeburn,Nonprofit Management,Data/Technology,563-436-4623,307-656-9136,Referral Marketing,STATA
2019-12-11,ac8242,Albertina,Cochran,fh6385,Helen,Foxley,Bioethics,Research & Consulting,244-174-3136,,Management,
2018-03-21,mr1044,Maribeth,Reveley,le5799,Elle,Long,Sustainability Management,Research & Consulting,713-952-0376,,Office Equipment,
2016-05-26,lw2413,Lizette,Worwood,nk7657,Kurt,Neal,Information Knowledge Strategy,Environment & Weather,905-951-5322,,Scheduling,
2018-01-13,ab8028,Ainslee,Bastie,al4878,Leroy,Aldridge,Human Capital Management,Education,309-481-2568,,Organization,
2022-01-21,aa4294,Anastassia,Akam,ml5050,Logan,Myatt,Human Capital Management,Energy,714-714-1716,,Welcoming Visitors,
2019-08-12,cm5198,Charisse,MacNucator,vb7977,Belinda,Vaughn,Actuarial Science,Aerospace and Defense,253-274-7609,147-736-9608,Shipping,
2018-04-03,lk4353,Lev,Kendal,eo6439,Oliver,Edwards,Sports Management,Media,643-753-4622,,Negotiation,
2017-11-23,rb5703,Rodrick,Blackleech,va8834,Adalind,Vass,Narrative Medicine,Education,231-989-5471,,Office Equipment,
2018-11-02,sg7722,Sascha,Guirau,fj1320,Jacob,Forth,Negotiation and Conflict Resolution,Healthcare,515-926-0819,651-494-2587,Creativity,
2018-09-25,ep3653,Eilis,Petruk,rc7076,Chadwick,Rossi,Negotiation and Conflict Resolution,,884-799-1563,,Microsoft Offices,
2017-07-24,sr2627,Sibylle,Rosberg,al4878,Leroy,Aldridge,Human Capital Management,Education,309-481-2568,,Organization,
2019-02-18,lh5798,Lemmy,Hanley,nk7657,Kurt,Neal,Information Knowledge Strategy,Environment & Weather,905-951-5322,,Scheduling,
2019-09-03,if4314,Inness,Fills,cr8605,Rosie,Cunningham,Human Capital Management,Media,750-933-3580,141-652-9789,Negotiation,
2016-01-29,nl2180,Niel,Lawerence,hj7691,Judith,Hopkins,Sustainability Management,Food & Agriculture,184-142-6248,,Product Knowledge,
2020-11-22,sm4112,Salaidh,Magovern,oe7927,Emma,Oliver,Bioethics,Governance,821-189-3311,,Management,
2015-09-10,ko6847,Klarrisa,O'Breen,pl5399,Logan,Price,Applied Analytics,Finance & Investment,294-879-8447,874-429-3715,Welcoming Visitors,Java
2016-04-07,hm4225,Hogan,McDermid,hm7100,Mary,Harrington,Enterprise Risk Management,Media,946-878-9892,,Empathy,
2016-03-12,xw1668,Xylia,Worsalls,tm2646,Maia,Taylor,Sustainability Science,Finance & Investment,577-947-3418,,Accounting,
2018-09-23,gb9990,Giffard,Breslauer,hb3765,Brad,Henderson,Human Capital Management,Geospatial/Mapping,819-201-4344,323-443-5956,Critical Thinking,
2015-04-05,ml7573,Marguerite,Liepins,oe7927,Emma,Oliver,Bioethics,Governance,821-189-3311,,Management,
2015-11-18,da9759,Danila,Addis,vh5628,Harry,Ventura,Sports Management,Governance,919-214-9720,911-105-5872,Negotiation,
2020-11-06,nh1923,Nilson,Harbidge,sh2861,Helen,Stanley,Actuarial Science,Environment & Weather,248-534-0302,941-767-1087,Lead Prospecting ,
2015-01-09,ks4901,Kamila,Sinnock,ae4475,Eve,Alldridge,Wealth Management,Insurance,268-136-1630,,Lead Prospecting ,
2020-01-06,mf4974,Monika,Farland,ae4475,Eve,Alldridge,Wealth Management,Insurance,268-136-1630,,Lead Prospecting ,
2019-10-14,tm7389,Tobin,Meah,lt9962,Taylor,Little,Narrative Medicine,Healthcare,326-248-3687,,Self Motivation,
2017-04-07,vd8509,Vinnie,Deme,hd4260,Danny,Hale,Sustainability Science,Healthcare,916-934-9218,748-555-1548,Office Equipment,
2018-08-19,jd7256,Jonie,Didsbury,ed4359,Danielle,Ebden,Negotiation and Conflict Resolution,Media,560-820-6585,,Problem Solving,
2017-10-17,fb9529,Felicity,Bamfield,vh5628,Harry,Ventura,Sports Management,Governance,919-214-9720,911-105-5872,Negotiation,
2018-11-29,ak9658,Aurilia,Kalinowsky,hj7691,Judith,Hopkins,Sustainability Management,Food & Agriculture,184-142-6248,,Product Knowledge,
2022-03-24,ma7167,Michaella,Annies,fh6385,Helen,Foxley,Bioethics,Research & Consulting,244-174-3136,,Management,
2016-11-15,el5169,Edgardo,Lownsbrough,pe4593,Elise,Patel,Construction Administration,Governance,240-849-6971,,Accounting,
2019-12-18,vs2866,Vachel,Sayward,tj8264,John,Thorne,Sustainability Management,Governance,877-204-6276,484-930-2160,Billing,
2014-10-21,dy6775,Donnajean,Yurshev,fa3056,Allison,Farrow,Human Capital Management,Food & Agriculture,208-134-1450,482-883-8167,Lead Qualification,
2020-09-06,ab9320,Alejoa,Baile,tm2646,Maia,Taylor,Sustainability Science,Finance & Investment,577-947-3418,,Accounting,
2015-11-11,ad2419,Arlina,Dallmann,pl5399,Logan,Price,Applied Analytics,Finance & Investment,294-879-8447,874-429-3715,Welcoming Visitors,Java
2016-01-07,cm3367,Charlot,Mc Giffin,ss1224,Sharon,Simmons,Information Knowledge Strategy,Data/Technology,910-252-8326,,Product Knowledge,R
2020-12-22,fd6835,Franklin,Dalliston,eo6439,Oliver,Edwards,Sports Management,Media,643-753-4622,,Negotiation,
